Timestamp,Transaction_ID,Voltage,Current_Import,Power_Import,SoC,Label
2025-12-15 11:31:44.306397,1,229.74,32.247,7.408,20.05,1
2025-12-15 11:31:46.483127,1,229.84,31.664,7.278,20.1,1
2025-12-15 11:31:47.900875,1,229.71,32.172,7.39,20.15,1
2025-12-15 11:31:49.551516,1,229.0,31.779,7.278,20.2,1
2025-12-15 11:31:51.227476,1,230.31,31.692,7.299,20.25,1
2025-12-15 11:31:53.447343,1,230.3,32.296,7.438,20.3,1
2025-12-15 11:31:55.171053,1,229.68,31.801,7.304,20.35,1
2025-12-15 11:31:56.627325,1,229.58,31.745,7.288,20.4,1
2025-12-15 11:31:58.735208,1,229.68,32.35,7.43,20.45,1
2025-12-15 11:32:00.241287,1,229.05,31.602,7.238,20.5,1
2025-12-15 11:32:02.295592,1,230.32,31.832,7.331,20.55,1
2025-12-15 11:32:03.833352,1,229.64,0.0,0.0,20.6,1
2025-12-15 11:32:05.406566,1,345.69,207.281,71.655,20.65,1
2025-12-15 11:32:07.200595,1,230.9,31.886,7.363,20.7,1
2025-12-15 11:32:09.108051,1,229.57,0.0,0.0,20.75,1
2025-12-15 11:32:10.901927,1,230.93,32.372,7.475,20.8,1
2025-12-15 11:32:13.052800,1,229.85,31.503,7.241,20.85,1
2025-12-15 11:32:14.925076,1,230.59,31.723,7.315,20.9,1
2025-12-15 11:32:16.630997,1,230.11,32.49,7.476,20.95,1
2025-12-15 11:32:18.251046,1,230.62,32.412,7.475,21.0,1
2025-12-15 11:32:19.528723,1,229.43,31.66,7.264,21.05,1
2025-12-15 11:32:21.074590,1,344.1,137.386,47.275,21.1,1
2025-12-15 11:32:23.092723,1,230.65,31.761,7.326,21.15,1
2025-12-15 11:32:24.874848,1,229.58,32.491,7.459,21.2,1
2025-12-15 11:32:26.557378,1,230.22,32.293,7.434,21.25,1
2025-12-15 11:32:28.077690,1,230.01,32.391,7.45,21.3,1
2025-12-15 11:32:29.974896,1,229.85,31.977,7.35,21.35,1
2025-12-15 11:32:31.510403,1,229.36,32.294,7.407,21.4,1
2025-12-15 11:32:32.922370,1,230.81,31.773,7.333,21.45,1
2025-12-15 11:32:34.306040,1,345.94,145.547,50.35,21.5,1
2025-12-15 11:32:36.466065,1,230.74,31.898,7.36,21.55,1
2025-12-15 11:32:37.744526,1,229.77,31.808,7.309,21.6,1
2025-12-15 11:32:39.419427,1,230.47,32.096,7.397,21.65,1
2025-12-15 11:32:40.744475,1,229.03,31.812,7.286,21.7,1
2025-12-15 11:32:42.228940,1,229.42,31.603,7.25,21.75,1
2025-12-15 11:32:44.124908,1,230.34,31.97,7.364,21.8,1
2025-12-15 11:32:45.811148,1,230.96,31.953,7.38,21.85,1
2025-12-15 11:32:47.234450,1,229.89,32.457,7.462,21.9,1
2025-12-15 11:32:49.465997,1,229.25,31.774,7.284,21.95,1
2025-12-15 11:32:51.028237,1,230.83,32.309,7.458,22.0,1
2025-12-15 11:32:53.157410,1,229.08,0.0,0.0,22.05,1
2025-12-15 11:32:55.243760,1,230.33,32.323,7.445,22.1,1
2025-12-15 11:32:57.451716,1,229.55,31.849,7.311,22.15,1
2025-12-15 11:32:59.000122,1,230.22,32.095,7.389,22.2,1
2025-12-15 11:33:00.484195,1,346.08,210.941,73.003,22.25,1
2025-12-15 11:33:02.527192,1,229.84,31.883,7.328,22.3,1
2025-12-15 11:33:04.181563,1,230.8,32.044,7.396,22.35,1
2025-12-15 11:33:05.465836,1,230.92,31.748,7.331,22.4,1
2025-12-15 11:33:07.256502,1,230.0,32.078,7.378,22.45,1
2025-12-15 11:33:08.889292,1,229.66,31.964,7.341,22.5,1
2025-12-15 11:33:10.624749,1,230.05,32.424,7.459,22.55,1
2025-12-15 11:33:12.273550,1,230.75,0.0,0.0,22.6,1
2025-12-15 11:33:14.276325,1,231.0,31.546,7.287,22.65,1
2025-12-15 11:33:15.779326,1,229.72,0.0,0.0,22.7,1
2025-12-15 11:33:17.322082,1,229.65,32.076,7.366,22.75,1
2025-12-15 11:33:18.814108,1,229.28,31.619,7.25,22.8,1
2025-12-15 11:33:20.807398,1,229.25,31.64,7.254,22.85,1
2025-12-15 11:33:22.241146,1,229.03,31.592,7.235,22.9,1
2025-12-15 11:33:23.561347,1,230.6,32.191,7.423,22.95,1
2025-12-15 11:33:25.538378,1,230.52,0.0,0.0,23.0,1
2025-12-15 11:33:27.672246,1,230.75,31.512,7.272,23.05,1
2025-12-15 11:33:29.464216,1,229.08,0.0,0.0,23.1,1
2025-12-15 11:33:30.948347,1,345.98,188.497,65.216,23.15,1
2025-12-15 11:33:32.539777,1,344.35,175.488,60.43,23.2,1
2025-12-15 11:33:34.427880,1,229.55,31.934,7.331,23.25,1
2025-12-15 11:33:36.408592,1,230.58,31.661,7.3,23.3,1
2025-12-15 11:33:37.944444,1,229.88,0.0,0.0,23.35,1
2025-12-15 11:33:39.773536,1,229.17,31.632,7.249,23.4,1
2025-12-15 11:33:41.906135,1,230.0,32.253,7.418,23.45,1
2025-12-15 11:33:43.422002,1,229.38,31.868,7.31,23.5,1
2025-12-15 11:33:45.048097,1,230.21,32.165,7.405,23.55,1
2025-12-15 11:33:46.897142,1,230.78,31.987,7.382,23.6,1
2025-12-15 11:33:49.086001,1,230.24,31.544,7.263,23.65,1
2025-12-15 11:33:50.723108,1,229.03,31.918,7.31,23.7,1
2025-12-15 11:33:51.956535,1,230.66,32.416,7.477,23.75,1
2025-12-15 11:33:53.806619,1,229.67,0.0,0.0,23.8,1
2025-12-15 11:33:55.996852,1,229.42,0.0,0.0,23.85,1
2025-12-15 11:33:58.129577,1,229.77,0.0,0.0,23.9,1
2025-12-15 11:33:59.747477,1,344.34,125.506,43.217,23.95,1
2025-12-15 11:34:01.893147,1,229.92,31.696,7.288,24.0,1
2025-12-15 11:34:03.867914,1,230.62,0.0,0.0,24.05,1
2025-12-15 11:34:06.105731,1,230.64,32.261,7.44,24.1,1
2025-12-15 11:34:07.845824,1,346.35,136.054,47.122,24.15,1
2025-12-15 11:34:10.024312,1,230.53,31.553,7.274,24.2,1
2025-12-15 11:34:12.094173,1,229.05,32.009,7.332,24.25,1
2025-12-15 11:34:13.521721,1,344.88,143.737,49.572,24.3,1
2025-12-15 11:34:14.768559,1,230.85,32.041,7.397,24.35,1
2025-12-15 11:34:16.691747,1,229.62,31.926,7.331,24.4,1
2025-12-15 11:34:18.273926,1,230.45,31.726,7.311,24.45,1
2025-12-15 11:34:20.146626,1,229.5,0.0,0.0,24.5,1
2025-12-15 11:34:21.426038,1,346.19,142.002,49.16,24.55,1
2025-12-15 11:34:23.094397,1,229.36,31.786,7.29,24.6,1
2025-12-15 11:34:24.935133,1,229.77,32.338,7.43,24.65,1
2025-12-15 11:34:26.703588,1,229.01,32.433,7.427,24.7,1
2025-12-15 11:34:28.431279,1,230.31,31.966,7.362,24.75,1
2025-12-15 11:34:29.947525,1,229.31,0.0,0.0,24.8,1
2025-12-15 11:34:32.185105,1,229.84,32.465,7.462,24.85,1
2025-12-15 11:34:33.753054,1,229.17,32.257,7.392,24.9,1
2025-12-15 11:34:35.309682,1,230.64,32.02,7.385,24.95,1
2025-12-15 11:34:36.647616,1,229.33,31.649,7.258,25.0,1
2025-12-15 11:34:38.078543,1,230.94,32.35,7.471,25.05,1
2025-12-15 11:34:40.175571,1,230.87,31.921,7.37,25.1,1
2025-12-15 11:34:42.007363,1,344.99,169.403,58.442,25.15,1
2025-12-15 11:34:43.749110,1,345.69,205.138,70.914,25.2,1
2025-12-15 11:34:45.554995,1,230.7,0.0,0.0,25.25,1
2025-12-15 11:34:46.825264,1,229.27,31.899,7.314,25.3,1
2025-12-15 11:34:48.654124,1,229.48,31.921,7.325,25.35,1
2025-12-15 11:34:50.004967,1,230.93,31.689,7.318,25.4,1
2025-12-15 11:34:52.129251,1,230.42,31.85,7.339,25.45,1
2025-12-15 11:34:53.541791,1,229.88,32.476,7.466,25.5,1
2025-12-15 11:34:54.799461,1,229.86,32.011,7.358,25.55,1
2025-12-15 11:34:56.668377,1,230.9,32.482,7.5,25.6,1
2025-12-15 11:34:58.882360,1,344.1,200.123,68.863,25.65,1
2025-12-15 11:35:00.283848,1,229.75,32.194,7.397,25.7,1
2025-12-15 11:35:02.170352,1,344.76,120.008,41.374,25.75,1
2025-12-15 11:35:04.439362,1,229.22,32.03,7.342,25.8,1
2025-12-15 11:35:05.707638,1,230.77,32.143,7.418,25.85,1
2025-12-15 11:35:07.313124,1,229.95,32.199,7.404,25.9,1
2025-12-15 11:35:09.017567,1,230.65,0.0,0.0,25.95,1
2025-12-15 11:35:11.114387,1,345.55,186.301,64.377,26.0,1
2025-12-15 11:35:12.909045,1,346.45,193.596,67.07,26.05,1
2025-12-15 11:35:14.725908,1,229.42,0.0,0.0,26.1,1
2025-12-15 11:35:16.140876,1,345.59,112.917,39.023,26.15,1
2025-12-15 11:35:17.650788,1,230.74,31.563,7.283,26.2,1
2025-12-15 11:35:19.910537,1,230.39,31.774,7.32,26.25,1
2025-12-15 11:35:21.643471,1,230.32,31.542,7.265,26.3,1
2025-12-15 11:35:23.057714,1,229.44,32.471,7.45,26.35,1
2025-12-15 11:35:25.242864,1,230.61,32.244,7.436,26.4,1
2025-12-15 11:35:27.269919,1,230.7,31.653,7.302,26.45,1
2025-12-15 11:35:29.520832,1,344.77,202.933,69.965,26.5,1
2025-12-15 11:35:31.499035,1,230.52,32.315,7.449,26.55,1
2025-12-15 11:35:33.298382,1,230.2,31.575,7.268,26.6,1
2025-12-15 11:35:35.192705,1,229.7,32.046,7.361,26.65,1
2025-12-15 11:35:36.962217,1,230.38,31.925,7.355,26.7,1
2025-12-15 11:35:39.179324,1,230.14,32.196,7.409,26.75,1
2025-12-15 11:35:41.375009,1,230.11,32.18,7.405,26.8,1
2025-12-15 11:35:42.756084,1,230.58,31.876,7.35,26.85,1
2025-12-15 11:35:44.679030,1,230.05,0.0,0.0,26.9,1
2025-12-15 11:35:46.489978,1,230.45,0.0,0.0,26.95,1
2025-12-15 11:35:48.185948,1,229.2,32.276,7.398,27.0,1
2025-12-15 11:35:49.931106,1,229.5,31.72,7.28,27.05,1
2025-12-15 11:35:51.508148,1,229.39,31.626,7.255,27.1,1
2025-12-15 11:35:52.817356,1,230.83,32.464,7.494,27.15,1
2025-12-15 11:35:54.686044,1,229.56,32.035,7.354,27.2,1
2025-12-15 11:35:56.025895,1,229.62,31.85,7.314,27.25,1
2025-12-15 11:35:58.156202,1,229.34,31.671,7.264,27.3,1
2025-12-15 11:35:59.902745,1,230.11,31.806,7.319,27.35,1
2025-12-15 11:36:01.826558,1,229.16,31.585,7.238,27.4,1
2025-12-15 11:36:03.080863,1,229.71,0.0,0.0,27.45,1
2025-12-15 11:36:05.208227,1,229.68,31.785,7.3,27.5,1
2025-12-15 11:36:06.991931,1,230.31,31.84,7.333,27.55,1
2025-12-15 11:36:08.663255,1,346.49,139.769,48.428,27.6,1
2025-12-15 11:36:10.633285,1,229.99,32.483,7.471,27.65,1
2025-12-15 11:36:12.875370,1,229.4,32.262,7.401,27.7,1
2025-12-15 11:36:14.380840,1,229.37,32.178,7.381,27.75,1
2025-12-15 11:36:15.925165,1,230.36,31.639,7.288,27.8,1
2025-12-15 11:36:17.698815,1,229.11,0.0,0.0,27.85,1
2025-12-15 11:36:19.001269,1,229.8,32.261,7.414,27.9,1
2025-12-15 11:36:20.372852,1,229.77,31.641,7.27,27.95,1
2025-12-15 11:36:22.543715,1,230.16,31.74,7.305,28.0,1
2025-12-15 11:36:24.069678,1,229.33,32.336,7.416,28.05,1
2025-12-15 11:36:25.670604,1,229.94,32.43,7.457,28.1,1
2025-12-15 11:36:27.929330,1,230.4,31.654,7.293,28.15,1
2025-12-15 11:36:29.509004,1,229.25,32.333,7.412,28.2,1
2025-12-15 11:36:31.088409,1,229.87,31.609,7.266,28.25,1
2025-12-15 11:36:32.913816,1,229.2,0.0,0.0,28.3,1
2025-12-15 11:36:34.512084,1,230.57,32.339,7.457,28.35,1
2025-12-15 11:36:35.961434,1,229.41,0.0,0.0,28.4,1
2025-12-15 11:36:38.067341,1,230.83,31.926,7.369,28.45,1
2025-12-15 11:36:39.375925,1,229.49,31.535,7.237,28.5,1
2025-12-15 11:36:41.496361,1,229.16,31.564,7.233,28.55,1
2025-12-15 11:36:43.060087,1,230.41,32.318,7.446,28.6,1
2025-12-15 11:36:45.039229,1,230.01,32.433,7.46,28.65,1
2025-12-15 11:36:46.343755,1,230.68,0.0,0.0,28.7,1
2025-12-15 11:36:47.718319,1,230.49,32.016,7.379,28.75,1
2025-12-15 11:36:49.753401,1,229.47,31.785,7.294,28.8,1
2025-12-15 11:36:51.477372,1,229.51,31.953,7.333,28.85,1
2025-12-15 11:36:53.573555,1,229.55,31.78,7.295,28.9,1
2025-12-15 11:36:54.982213,1,345.7,154.103,53.274,28.95,1
2025-12-15 11:36:57.012215,1,230.15,31.677,7.29,29.0,1
2025-12-15 11:36:58.917432,1,230.55,31.681,7.304,29.05,1
2025-12-15 11:37:00.245334,1,230.0,31.545,7.256,29.1,1
2025-12-15 11:37:02.447316,1,230.28,31.811,7.326,29.15,1
2025-12-15 11:37:03.824708,1,230.38,31.58,7.275,29.2,1
2025-12-15 11:37:05.239212,1,230.66,32.471,7.49,29.25,1
2025-12-15 11:37:06.631887,1,230.63,32.309,7.451,29.3,1
2025-12-15 11:37:07.891872,1,230.5,32.43,7.475,29.35,1
2025-12-15 11:37:09.733097,1,229.29,31.975,7.332,29.4,1
2025-12-15 11:37:11.975398,1,229.6,31.708,7.28,29.45,1
2025-12-15 11:37:13.294235,1,229.62,32.418,7.444,29.5,1
2025-12-15 11:37:15.082831,1,229.11,31.964,7.323,29.55,1
2025-12-15 11:37:16.654371,1,230.12,32.307,7.434,29.6,1
2025-12-15 11:37:18.200249,1,344.19,174.45,60.044,29.65,1
2025-12-15 11:37:19.584089,1,230.86,31.572,7.289,29.7,1
2025-12-15 11:37:20.967417,1,230.98,31.795,7.344,29.75,1
2025-12-15 11:37:22.658949,1,230.63,32.378,7.467,29.8,1
2025-12-15 11:37:23.900268,1,229.02,32.461,7.434,29.85,1
2025-12-15 11:37:25.212235,1,230.12,32.03,7.371,29.9,1
2025-12-15 11:37:26.794594,1,344.79,194.836,67.177,29.95,1
2025-12-15 11:37:28.843862,1,344.1,196.862,67.74,30.0,1
2025-12-15 11:37:30.297941,1,229.24,31.945,7.323,30.05,1
2025-12-15 11:37:32.317650,1,230.78,31.883,7.358,30.1,1
2025-12-15 11:37:34.194431,1,230.46,32.092,7.396,30.15,1
2025-12-15 11:37:35.803083,1,230.4,31.841,7.336,30.2,1
2025-12-15 11:37:37.654287,1,229.45,32.073,7.359,30.25,1
2025-12-15 11:37:39.328226,1,229.7,32.071,7.367,30.3,1
2025-12-15 11:37:41.141011,1,230.86,32.057,7.4,30.35,1
2025-12-15 11:37:42.677279,1,229.38,32.043,7.35,30.4,1
2025-12-15 11:37:44.867337,1,230.92,31.707,7.322,30.45,1
2025-12-15 11:37:46.949481,1,229.42,32.099,7.364,30.5,1
2025-12-15 11:37:48.668235,1,229.77,0.0,0.0,30.55,1
2025-12-15 11:37:50.291335,1,345.49,148.95,51.461,30.6,1
2025-12-15 11:37:52.115092,1,229.43,31.856,7.309,30.65,1
2025-12-15 11:37:53.929929,1,230.14,31.81,7.321,30.7,1
2025-12-15 11:37:55.312352,1,230.86,31.924,7.37,30.75,1
2025-12-15 11:37:57.203801,1,230.62,32.296,7.448,30.8,1
2025-12-15 11:37:58.789663,1,230.01,32.077,7.378,30.85,1
2025-12-15 11:38:00.149784,1,346.02,184.101,63.703,30.9,1
2025-12-15 11:38:01.765909,1,344.11,155.45,53.492,30.95,1
2025-12-15 11:38:03.453118,1,229.48,31.812,7.3,31.0,1
2025-12-15 11:38:04.839647,1,230.78,32.089,7.406,31.05,1
2025-12-15 11:38:06.418353,1,230.89,31.984,7.385,31.1,1
2025-12-15 11:38:08.225760,1,230.05,31.854,7.328,31.15,1
2025-12-15 11:38:09.544319,1,230.96,32.445,7.494,31.2,1
2025-12-15 11:38:11.198217,1,345.31,156.677,54.102,31.25,1
2025-12-15 11:38:12.698272,1,346.4,126.86,43.945,31.3,1
2025-12-15 11:38:14.378312,1,230.91,31.735,7.328,31.35,1
2025-12-15 11:38:16.594456,1,229.82,31.603,7.263,31.4,1
2025-12-15 11:38:18.281440,1,229.69,0.0,0.0,31.45,1
2025-12-15 11:38:19.653611,1,230.29,32.12,7.397,31.5,1
2025-12-15 11:38:21.837576,1,229.84,32.268,7.417,31.55,1
2025-12-15 11:38:23.282498,1,230.85,31.964,7.379,31.6,1
2025-12-15 11:38:24.549458,1,230.08,0.0,0.0,31.65,1
2025-12-15 11:38:26.103143,1,345.49,132.775,45.872,31.7,1
2025-12-15 11:38:27.951055,1,345.53,197.822,68.354,31.75,1
2025-12-15 11:38:29.313669,1,229.97,31.547,7.255,31.8,1
2025-12-15 11:38:31.241792,1,230.74,32.036,7.392,31.85,1
2025-12-15 11:38:33.420968,1,230.79,31.905,7.363,31.9,1
2025-12-15 11:38:34.923773,1,345.17,207.214,71.524,31.95,1
2025-12-15 11:38:36.215344,1,231.0,32.005,7.393,32.0,1
2025-12-15 11:38:37.595970,1,230.54,31.907,7.356,32.05,1
2025-12-15 11:38:39.738466,1,344.1,206.752,71.143,32.1,1
2025-12-15 11:38:41.790099,1,344.16,186.091,64.045,32.15,1
2025-12-15 11:38:43.397661,1,229.91,31.723,7.294,32.2,1
2025-12-15 11:38:45.393711,1,229.56,31.723,7.282,32.25,1
2025-12-15 11:38:46.810671,1,344.28,114.702,39.489,32.3,1
2025-12-15 11:38:48.203847,1,229.67,32.214,7.399,32.35,1
2025-12-15 11:38:49.673365,1,344.03,115.098,39.597,32.4,1
2025-12-15 11:38:51.815627,1,230.16,31.836,7.327,32.45,1
2025-12-15 11:38:53.518888,1,230.83,32.449,7.49,32.5,1
2025-12-15 11:38:55.130452,1,230.85,32.158,7.424,32.55,1
2025-12-15 11:38:56.797884,1,229.25,31.885,7.31,32.6,1
2025-12-15 11:38:58.271956,1,230.1,31.657,7.284,32.65,1
2025-12-15 11:39:00.101585,1,229.0,31.799,7.282,32.7,1
2025-12-15 11:39:02.091411,1,230.95,0.0,0.0,32.75,1
2025-12-15 11:39:03.852358,1,230.05,32.446,7.464,32.8,1
2025-12-15 11:39:05.851517,1,230.75,31.869,7.354,32.85,1
2025-12-15 11:39:07.606112,1,345.12,153.207,52.875,32.9,1
2025-12-15 11:39:09.086427,1,229.42,31.905,7.32,32.95,1
2025-12-15 11:39:10.331461,1,230.07,32.357,7.444,33.0,1
2025-12-15 11:39:12.585288,1,229.33,31.987,7.336,33.05,1
2025-12-15 11:39:14.356440,1,344.1,135.79,46.726,33.1,1
2025-12-15 11:39:16.064069,1,230.03,31.562,7.26,33.15,1
2025-12-15 11:39:17.400762,1,230.54,32.416,7.473,33.2,1
2025-12-15 11:39:18.626193,1,345.9,153.314,53.031,33.25,1
2025-12-15 11:39:20.491192,1,346.46,209.417,72.555,33.3,1
2025-12-15 11:39:21.951253,1,230.11,31.999,7.363,33.35,1
2025-12-15 11:39:23.748278,1,230.34,32.296,7.439,33.4,1
2025-12-15 11:39:25.900905,1,230.78,31.52,7.274,33.45,1
2025-12-15 11:39:27.687165,1,229.62,31.648,7.267,33.5,1
2025-12-15 11:39:29.145147,1,345.29,165.9,57.284,33.55,1
2025-12-15 11:39:31.024253,1,345.22,186.597,64.417,33.6,1
2025-12-15 11:39:32.612357,1,230.44,32.01,7.376,33.65,1
2025-12-15 11:39:34.034791,1,229.49,31.66,7.266,33.7,1
2025-12-15 11:39:36.213787,1,230.03,32.419,7.457,33.75,1
2025-12-15 11:39:37.703778,1,230.27,32.336,7.446,33.8,1
2025-12-15 11:39:39.180387,1,230.64,32.261,7.441,33.85,1
2025-12-15 11:39:40.460745,1,229.29,31.622,7.251,33.9,1
2025-12-15 11:39:42.167638,1,230.69,0.0,0.0,33.95,1
2025-12-15 11:39:43.672521,1,230.09,31.947,7.351,34.0,1
2025-12-15 11:39:45.620990,1,230.34,31.852,7.337,34.05,1
2025-12-15 11:39:46.957288,1,230.63,31.634,7.296,34.1,1
2025-12-15 11:39:48.767991,1,229.47,32.421,7.439,34.15,1
2025-12-15 11:39:50.042224,1,230.96,31.666,7.314,34.2,1
2025-12-15 11:39:51.744279,1,230.83,32.283,7.452,34.25,1
2025-12-15 11:39:53.323945,1,229.29,32.222,7.388,34.3,1
2025-12-15 11:39:54.787732,1,229.34,32.461,7.445,34.35,1
2025-12-15 11:39:56.698457,1,230.08,31.867,7.332,34.4,1
2025-12-15 11:39:58.227141,1,229.86,31.809,7.312,34.45,1
2025-12-15 11:40:00.097426,1,229.1,32.277,7.395,34.5,1
2025-12-15 11:40:01.590882,1,229.64,32.255,7.407,34.55,1
2025-12-15 11:40:03.839947,1,229.26,31.582,7.241,34.6,1
2025-12-15 11:40:05.238121,1,230.4,32.143,7.406,34.65,1
2025-12-15 11:40:07.387031,1,230.37,31.517,7.261,34.7,1
2025-12-15 11:40:09.085523,1,229.28,31.731,7.275,34.75,1
2025-12-15 11:40:11.300858,1,230.59,31.69,7.307,34.8,1
2025-12-15 11:40:12.629219,1,230.12,32.177,7.405,34.85,1
2025-12-15 11:40:14.131681,1,229.62,0.0,0.0,34.9,1
2025-12-15 11:40:15.509047,1,230.53,0.0,0.0,34.95,1
2025-12-15 11:40:17.638397,1,230.4,32.044,7.383,35.0,1
2025-12-15 11:23:45.861240,1,230.28,31.85,7.335,20.05,0
2025-12-15 11:23:46.942465,1,230.96,31.723,7.327,20.1,0
2025-12-15 11:23:48.020320,1,229.64,31.915,7.329,20.15,0
2025-12-15 11:23:49.086366,1,230.09,32.183,7.405,20.2,0
2025-12-15 11:23:50.157011,1,229.28,31.832,7.298,20.25,0
2025-12-15 11:23:51.236037,1,229.19,31.698,7.265,20.3,0
2025-12-15 11:23:52.299601,1,229.53,32.14,7.377,20.35,0
2025-12-15 11:23:53.371261,1,229.49,31.637,7.26,20.4,0
2025-12-15 11:23:54.445769,1,230.26,32.378,7.455,20.45,0
2025-12-15 11:23:55.514556,1,229.68,32.445,7.452,20.5,0
2025-12-15 11:23:56.573346,1,230.22,31.561,7.266,20.55,0
2025-12-15 11:23:57.649372,1,230.48,31.871,7.346,20.6,0
2025-12-15 11:23:58.713849,1,230.16,31.944,7.352,20.65,0
2025-12-15 11:23:59.778671,1,229.13,31.763,7.278,20.7,0
2025-12-15 11:24:00.858249,1,229.77,31.691,7.282,20.75,0
2025-12-15 11:24:01.930101,1,230.83,31.741,7.327,20.8,0
2025-12-15 11:24:03.007564,1,229.42,32.354,7.423,20.85,0
2025-12-15 11:24:04.074689,1,230.03,32.012,7.364,20.9,0
2025-12-15 11:24:05.159219,1,229.46,31.822,7.302,20.95,0
2025-12-15 11:24:06.232349,1,229.67,32.433,7.449,21.0,0
2025-12-15 11:24:07.312893,1,229.59,32.138,7.379,21.05,0
2025-12-15 11:24:08.387891,1,230.08,32.04,7.372,21.1,0
2025-12-15 11:24:09.468460,1,230.74,31.756,7.328,21.15,0
2025-12-15 11:24:10.524264,1,229.35,31.587,7.244,21.2,0
2025-12-15 11:24:11.596007,1,230.46,31.908,7.354,21.25,0
2025-12-15 11:24:12.673947,1,229.86,31.677,7.281,21.3,0
2025-12-15 11:24:13.751711,1,230.1,32.038,7.372,21.35,0
2025-12-15 11:24:14.844732,1,229.75,32.415,7.447,21.4,0
2025-12-15 11:24:15.939542,1,230.93,32.178,7.431,21.45,0
2025-12-15 11:24:17.009757,1,229.06,32.023,7.335,21.5,0
2025-12-15 11:24:18.079453,1,230.94,32.313,7.462,21.55,0
2025-12-15 11:24:19.155725,1,229.29,32.304,7.407,21.6,0
2025-12-15 11:24:20.257274,1,229.7,32.187,7.393,21.65,0
2025-12-15 11:24:21.327583,1,230.88,32.088,7.409,21.7,0
2025-12-15 11:24:22.398266,1,230.73,32.054,7.396,21.75,0
2025-12-15 11:24:23.483601,1,230.13,31.522,7.254,21.8,0
2025-12-15 11:24:24.565717,1,229.0,31.609,7.238,21.85,0
2025-12-15 11:24:25.644615,1,229.46,31.684,7.27,21.9,0
2025-12-15 11:24:26.734759,1,229.84,32.108,7.38,21.95,0
2025-12-15 11:24:27.801132,1,229.06,32.458,7.435,22.0,0
2025-12-15 11:24:28.868652,1,229.04,32.36,7.412,22.05,0
2025-12-15 11:24:29.946362,1,229.46,31.988,7.34,22.1,0
2025-12-15 11:24:31.022919,1,230.05,32.342,7.44,22.15,0
2025-12-15 11:24:32.093522,1,230.39,32.191,7.417,22.2,0
2025-12-15 11:24:33.179695,1,230.66,32.182,7.423,22.25,0
2025-12-15 11:24:34.267106,1,229.52,32.136,7.376,22.3,0
2025-12-15 11:24:35.348171,1,229.44,32.428,7.44,22.35,0
2025-12-15 11:24:36.427504,1,230.99,31.904,7.369,22.4,0
2025-12-15 11:24:37.499535,1,229.91,32.248,7.414,22.45,0
2025-12-15 11:24:38.567452,1,229.49,31.908,7.322,22.5,0
2025-12-15 11:24:39.640991,1,230.65,32.487,7.493,22.55,0
2025-12-15 11:24:40.739062,1,229.76,31.604,7.261,22.6,0
2025-12-15 11:24:41.829403,1,229.86,32.467,7.463,22.65,0
2025-12-15 11:24:42.892924,1,230.32,32.034,7.378,22.7,0
2025-12-15 11:24:43.959574,1,229.09,31.742,7.272,22.75,0
2025-12-15 11:24:45.022631,1,229.11,32.347,7.411,22.8,0
2025-12-15 11:24:46.093232,1,230.33,32.464,7.478,22.85,0
2025-12-15 11:24:47.168127,1,229.93,31.971,7.351,22.9,0
2025-12-15 11:24:48.243858,1,230.84,31.682,7.313,22.95,0
2025-12-15 11:24:49.313264,1,229.02,32.042,7.338,23.0,0
2025-12-15 11:24:50.396122,1,230.88,31.993,7.387,23.05,0
2025-12-15 11:24:51.469360,1,229.95,31.631,7.274,23.1,0
2025-12-15 11:24:52.558577,1,229.9,31.677,7.283,23.15,0
2025-12-15 11:24:53.624359,1,230.04,32.002,7.362,23.2,0
2025-12-15 11:24:54.697727,1,229.14,32.113,7.359,23.25,0
2025-12-15 11:24:55.764401,1,229.81,31.97,7.347,23.3,0
2025-12-15 11:24:56.832038,1,230.11,31.786,7.314,23.35,0
2025-12-15 11:24:57.912622,1,230.54,32.26,7.437,23.4,0
2025-12-15 11:24:58.983761,1,229.34,31.609,7.249,23.45,0
2025-12-15 11:25:00.059324,1,230.92,32.186,7.432,23.5,0
2025-12-15 11:25:01.125979,1,229.49,31.834,7.306,23.55,0
2025-12-15 11:25:02.198569,1,230.68,32.491,7.495,23.6,0
2025-12-15 11:25:03.264656,1,229.85,32.492,7.468,23.65,0
2025-12-15 11:25:04.333844,1,230.72,31.793,7.335,23.7,0
2025-12-15 11:25:05.417804,1,230.5,31.693,7.305,23.75,0
2025-12-15 11:25:06.496133,1,230.72,31.732,7.321,23.8,0
2025-12-15 11:25:07.565215,1,230.04,31.575,7.264,23.85,0
2025-12-15 11:25:08.651609,1,230.99,31.71,7.325,23.9,0
2025-12-15 11:25:09.735335,1,229.48,32.188,7.387,23.95,0
2025-12-15 11:25:10.819438,1,230.04,31.512,7.249,24.0,0
2025-12-15 11:25:11.900398,1,230.08,31.614,7.274,24.05,0
2025-12-15 11:25:12.979918,1,230.82,31.643,7.304,24.1,0
2025-12-15 11:25:14.055865,1,230.26,31.987,7.365,24.15,0
2025-12-15 11:25:15.130345,1,229.4,32.372,7.426,24.2,0
2025-12-15 11:25:16.216450,1,229.44,32.45,7.445,24.25,0
2025-12-15 11:25:17.293323,1,229.54,32.332,7.422,24.3,0
2025-12-15 11:25:18.357441,1,229.15,31.794,7.285,24.35,0
2025-12-15 11:25:19.429484,1,229.43,31.535,7.235,24.4,0
2025-12-15 11:25:20.499303,1,230.43,31.653,7.294,24.45,0
2025-12-15 11:25:21.560427,1,230.04,31.513,7.249,24.5,0
2025-12-15 11:25:22.629997,1,230.43,32.298,7.442,24.55,0
2025-12-15 11:25:23.710942,1,230.45,31.88,7.347,24.6,0
2025-12-15 11:25:24.772409,1,229.13,32.188,7.375,24.65,0
2025-12-15 11:25:25.855264,1,230.24,31.733,7.306,24.7,0
2025-12-15 11:25:26.954131,1,230.11,31.513,7.251,24.75,0
2025-12-15 11:25:28.023282,1,230.01,31.919,7.342,24.8,0
2025-12-15 11:25:29.099439,1,230.03,31.937,7.346,24.85,0
2025-12-15 11:25:30.167105,1,229.06,31.815,7.288,24.9,0
2025-12-15 11:25:31.247633,1,230.19,31.896,7.342,24.95,0
2025-12-15 11:25:32.330554,1,229.83,31.805,7.31,25.0,0
2025-12-15 11:25:33.429142,1,229.02,32.095,7.35,25.05,0
2025-12-15 11:25:34.500142,1,229.63,32.202,7.395,25.1,0
2025-12-15 11:25:35.575728,1,229.23,31.559,7.234,25.15,0
2025-12-15 11:25:36.667429,1,229.46,31.647,7.262,25.2,0
2025-12-15 11:25:37.737932,1,230.78,32.485,7.497,25.25,0
2025-12-15 11:25:38.811663,1,230.84,32.023,7.392,25.3,0
2025-12-15 11:25:39.889889,1,230.74,31.742,7.324,25.35,0
2025-12-15 11:25:40.959719,1,230.67,31.843,7.345,25.4,0
2025-12-15 11:25:42.029141,1,230.14,31.542,7.259,25.45,0
2025-12-15 11:25:43.114778,1,230.5,31.864,7.345,25.5,0
2025-12-15 11:25:44.184575,1,230.59,31.945,7.366,25.55,0
2025-12-15 11:25:45.245686,1,229.08,32.364,7.414,25.6,0
2025-12-15 11:25:46.314773,1,230.68,32.242,7.438,25.65,0
2025-12-15 11:25:47.379104,1,230.43,32.467,7.481,25.7,0
2025-12-15 11:25:48.465880,1,230.67,31.965,7.373,25.75,0
2025-12-15 11:25:49.533254,1,229.55,32.224,7.397,25.8,0
2025-12-15 11:25:50.626031,1,229.78,32.196,7.398,25.85,0
2025-12-15 11:25:51.695055,1,230.17,31.559,7.264,25.9,0
2025-12-15 11:25:52.767389,1,230.37,32.165,7.41,25.95,0
2025-12-15 11:25:53.845905,1,230.37,31.622,7.285,26.0,0
2025-12-15 11:25:54.915446,1,230.29,32.086,7.389,26.05,0
2025-12-15 11:25:55.975634,1,229.79,32.369,7.438,26.1,0
2025-12-15 11:25:57.050384,1,230.8,31.818,7.344,26.15,0
2025-12-15 11:25:58.123643,1,229.15,31.841,7.296,26.2,0
2025-12-15 11:25:59.195464,1,230.4,32.415,7.468,26.25,0
2025-12-15 11:26:00.269317,1,230.77,32.476,7.495,26.3,0
2025-12-15 11:26:01.354292,1,230.14,31.79,7.316,26.35,0
2025-12-15 11:26:02.439348,1,229.74,31.765,7.298,26.4,0
2025-12-15 11:26:03.522251,1,230.47,31.659,7.296,26.45,0
2025-12-15 11:26:04.596304,1,229.36,31.957,7.33,26.5,0
2025-12-15 11:26:05.679642,1,230.53,32.345,7.457,26.55,0
2025-12-15 11:26:06.746088,1,229.87,32.299,7.425,26.6,0
2025-12-15 11:26:07.827392,1,230.62,32.21,7.428,26.65,0
2025-12-15 11:26:08.912381,1,229.11,32.24,7.386,26.7,0
2025-12-15 11:26:09.992731,1,229.24,32.297,7.404,26.75,0
2025-12-15 11:26:11.067629,1,230.89,32.346,7.468,26.8,0
2025-12-15 11:26:12.125191,1,229.66,31.673,7.274,26.85,0
2025-12-15 11:26:13.202817,1,230.36,32.402,7.464,26.9,0
2025-12-15 11:26:14.290463,1,230.49,32.061,7.39,26.95,0
2025-12-15 11:26:15.358333,1,229.08,31.844,7.295,27.0,0
2025-12-15 11:26:16.442274,1,229.15,31.694,7.263,27.05,0
2025-12-15 11:26:17.508788,1,229.28,32.056,7.35,27.1,0
2025-12-15 11:26:18.580555,1,229.17,31.839,7.297,27.15,0
2025-12-15 11:26:19.650112,1,230.76,32.386,7.473,27.2,0
2025-12-15 11:26:20.703894,1,230.73,32.07,7.399,27.25,0
2025-12-15 11:26:21.778859,1,230.3,32.411,7.464,27.3,0
2025-12-15 11:26:22.854394,1,230.85,31.815,7.345,27.35,0
2025-12-15 11:26:23.925825,1,229.11,32.281,7.396,27.4,0
2025-12-15 11:26:24.989744,1,229.55,31.756,7.29,27.45,0
2025-12-15 11:26:26.052136,1,229.95,31.827,7.318,27.5,0
2025-12-15 11:26:27.124376,1,230.32,31.714,7.305,27.55,0
2025-12-15 11:26:28.192028,1,230.65,31.642,7.298,27.6,0
2025-12-15 11:26:29.268017,1,230.54,32.021,7.382,27.65,0
2025-12-15 11:26:30.346025,1,229.01,31.749,7.271,27.7,0
2025-12-15 11:26:31.417448,1,229.82,32.006,7.356,27.75,0
2025-12-15 11:26:32.517225,1,229.07,32.213,7.379,27.8,0
2025-12-15 11:26:33.583152,1,229.88,31.67,7.28,27.85,0
2025-12-15 11:26:34.664902,1,229.98,31.948,7.347,27.9,0
2025-12-15 11:26:35.739682,1,230.49,32.082,7.394,27.95,0
2025-12-15 11:26:36.830941,1,229.57,31.63,7.261,28.0,0
2025-12-15 11:26:37.908395,1,229.7,31.972,7.344,28.05,0
2025-12-15 11:26:38.976511,1,230.54,31.97,7.37,28.1,0
2025-12-15 11:26:40.047185,1,230.82,31.747,7.328,28.15,0
2025-12-15 11:26:41.127582,1,229.09,31.688,7.259,28.2,0
2025-12-15 11:26:42.190358,1,230.18,32.021,7.371,28.25,0
2025-12-15 11:26:43.267270,1,229.85,32.112,7.381,28.3,0
2025-12-15 11:26:44.348325,1,230.55,31.871,7.348,28.35,0
2025-12-15 11:26:45.449126,1,229.52,31.857,7.312,28.4,0
2025-12-15 11:26:46.529016,1,230.06,31.525,7.253,28.45,0
2025-12-15 11:26:47.614847,1,230.85,32.485,7.499,28.5,0
2025-12-15 11:26:48.681708,1,229.88,32.484,7.467,28.55,0
2025-12-15 11:26:49.759901,1,230.9,32.421,7.486,28.6,0
2025-12-15 11:26:50.820771,1,230.62,32.19,7.424,28.65,0
2025-12-15 11:26:51.887381,1,229.9,32.144,7.39,28.7,0
2025-12-15 11:26:52.954291,1,229.59,32.282,7.411,28.75,0
2025-12-15 11:26:54.023252,1,230.68,32.247,7.439,28.8,0
2025-12-15 11:26:55.078705,1,230.82,31.97,7.379,28.85,0
2025-12-15 11:26:56.157570,1,229.09,31.947,7.319,28.9,0
2025-12-15 11:26:57.223127,1,230.66,31.861,7.349,28.95,0
2025-12-15 11:26:58.295345,1,229.34,32.206,7.386,29.0,0
2025-12-15 11:26:59.375550,1,229.81,32.396,7.445,29.05,0
2025-12-15 11:27:00.451479,1,229.42,31.731,7.28,29.1,0
2025-12-15 11:27:01.523065,1,230.0,31.735,7.299,29.15,0
2025-12-15 11:27:02.600146,1,230.63,31.991,7.378,29.2,0
2025-12-15 11:27:03.669551,1,230.67,32.138,7.413,29.25,0
2025-12-15 11:27:04.751785,1,230.0,32.405,7.453,29.3,0
2025-12-15 11:27:05.816159,1,229.4,31.97,7.334,29.35,0
2025-12-15 11:27:06.900414,1,229.67,31.849,7.315,29.4,0
2025-12-15 11:27:07.971273,1,230.29,31.862,7.338,29.45,0
2025-12-15 11:27:09.038652,1,230.84,32.396,7.478,29.5,0
2025-12-15 11:27:10.118059,1,229.2,31.857,7.302,29.55,0
2025-12-15 11:27:11.189628,1,230.38,31.509,7.259,29.6,0
2025-12-15 11:27:12.265270,1,229.42,31.586,7.247,29.65,0
2025-12-15 11:27:13.336707,1,230.28,31.698,7.299,29.7,0
2025-12-15 11:27:14.415781,1,230.99,31.663,7.314,29.75,0
2025-12-15 11:27:15.479952,1,230.66,31.932,7.366,29.8,0
2025-12-15 11:27:16.560666,1,229.77,32.013,7.356,29.85,0
2025-12-15 11:27:17.633961,1,230.9,31.585,7.293,29.9,0
2025-12-15 11:27:18.720379,1,230.65,32.48,7.492,29.95,0
2025-12-15 11:27:19.805090,1,229.84,31.873,7.326,30.0,0
2025-12-15 11:27:20.874572,1,229.67,32.377,7.436,30.05,0
2025-12-15 11:27:21.941546,1,229.07,32.179,7.371,30.1,0
2025-12-15 11:27:23.006448,1,229.4,32.31,7.412,30.15,0
2025-12-15 11:27:24.080143,1,229.31,32.323,7.412,30.2,0
2025-12-15 11:27:25.171296,1,229.46,31.633,7.259,30.25,0
2025-12-15 11:27:26.263495,1,229.93,31.742,7.299,30.3,0
2025-12-15 11:27:27.339981,1,230.26,32.096,7.391,30.35,0
2025-12-15 11:27:28.417445,1,229.72,32.268,7.413,30.4,0
2025-12-15 11:27:29.494849,1,230.07,31.732,7.3,30.45,0
2025-12-15 11:27:30.571324,1,229.35,31.852,7.305,30.5,0
2025-12-15 11:27:31.648290,1,229.49,31.895,7.32,30.55,0
2025-12-15 11:27:32.714708,1,230.3,31.977,7.364,30.6,0
2025-12-15 11:27:33.778899,1,229.34,31.89,7.314,30.65,0
2025-12-15 11:27:34.847758,1,229.36,32.408,7.433,30.7,0
2025-12-15 11:27:35.922948,1,229.77,32.194,7.397,30.75,0
2025-12-15 11:27:37.025906,1,229.35,32.04,7.349,30.8,0
2025-12-15 11:27:38.090743,1,229.93,32.218,7.408,30.85,0
2025-12-15 11:27:39.160933,1,230.47,32.172,7.415,30.9,0
2025-12-15 11:27:40.228599,1,229.76,31.882,7.325,30.95,0
2025-12-15 11:27:41.297305,1,230.35,32.241,7.427,31.0,0
2025-12-15 11:27:42.375389,1,229.72,32.459,7.456,31.05,0
2025-12-15 11:27:43.447619,1,230.18,32.145,7.399,31.1,0
2025-12-15 11:27:44.532051,1,229.64,31.801,7.303,31.15,0
2025-12-15 11:27:45.623811,1,230.35,32.446,7.474,31.2,0
2025-12-15 11:27:46.716077,1,229.58,31.779,7.296,31.25,0
2025-12-15 11:27:47.793584,1,230.18,31.682,7.292,31.3,0
2025-12-15 11:27:48.875011,1,229.41,31.697,7.272,31.35,0
2025-12-15 11:27:49.945504,1,229.36,31.976,7.334,31.4,0
2025-12-15 11:27:51.016574,1,230.19,31.572,7.268,31.45,0
2025-12-15 11:27:52.083144,1,229.27,32.187,7.379,31.5,0
2025-12-15 11:27:53.162622,1,230.93,31.976,7.384,31.55,0
2025-12-15 11:27:54.237562,1,230.37,31.908,7.351,31.6,0
2025-12-15 11:27:55.309113,1,229.48,31.628,7.258,31.65,0
2025-12-15 11:27:56.382523,1,230.63,32.403,7.473,31.7,0
2025-12-15 11:27:57.462433,1,229.31,32.385,7.426,31.75,0
2025-12-15 11:27:58.532710,1,230.63,31.896,7.356,31.8,0
2025-12-15 11:27:59.605317,1,229.85,32.455,7.46,31.85,0
2025-12-15 11:28:00.681326,1,230.07,32.049,7.373,31.9,0
2025-12-15 11:28:01.757502,1,230.63,31.536,7.273,31.95,0
2025-12-15 11:28:02.827649,1,230.21,31.544,7.262,32.0,0
2025-12-15 11:28:03.904539,1,229.7,31.55,7.247,32.05,0
2025-12-15 11:28:04.977270,1,229.44,31.695,7.272,32.1,0
2025-12-15 11:28:06.047323,1,229.6,31.591,7.253,32.15,0
2025-12-15 11:28:07.127789,1,230.59,32.141,7.411,32.2,0
2025-12-15 11:28:08.195068,1,230.26,32.102,7.392,32.25,0
2025-12-15 11:28:09.274876,1,229.61,31.888,7.322,32.3,0
2025-12-15 11:28:10.332497,1,229.33,32.044,7.349,32.35,0
2025-12-15 11:28:11.404673,1,230.56,31.883,7.351,32.4,0
2025-12-15 11:28:12.471241,1,229.08,32.437,7.431,32.45,0
2025-12-15 11:28:13.548364,1,230.28,31.944,7.356,32.5,0
2025-12-15 11:28:14.622246,1,230.37,32.115,7.398,32.55,0
2025-12-15 11:28:15.695752,1,229.69,31.805,7.305,32.6,0
2025-12-15 11:28:16.774634,1,230.84,32.126,7.416,32.65,0
2025-12-15 11:28:17.843082,1,230.29,31.91,7.349,32.7,0
2025-12-15 11:28:18.926466,1,230.62,31.523,7.27,32.75,0
2025-12-15 11:28:19.990378,1,230.8,31.671,7.31,32.8,0
2025-12-15 11:28:21.068401,1,230.48,31.696,7.305,32.85,0
2025-12-15 11:28:22.142425,1,230.26,31.896,7.344,32.9,0
2025-12-15 11:28:23.214700,1,229.08,31.977,7.325,32.95,0
2025-12-15 11:28:24.284984,1,229.03,32.062,7.343,33.0,0
2025-12-15 11:28:25.367396,1,229.64,31.51,7.236,33.05,0
2025-12-15 11:28:26.444591,1,230.39,32.035,7.381,33.1,0
2025-12-15 11:28:27.532283,1,230.65,32.023,7.386,33.15,0
2025-12-15 11:28:28.604967,1,230.8,32.004,7.387,33.2,0
2025-12-15 11:28:29.677564,1,229.76,32.201,7.398,33.25,0
2025-12-15 11:28:30.748166,1,229.92,32.204,7.404,33.3,0
2025-12-15 11:28:31.822292,1,229.62,31.707,7.281,33.35,0
2025-12-15 11:28:32.895587,1,229.63,32.103,7.372,33.4,0
2025-12-15 11:28:33.957351,1,230.1,31.987,7.36,33.45,0
2025-12-15 11:28:35.032494,1,229.36,31.736,7.279,33.5,0
2025-12-15 11:28:36.114307,1,229.63,32.471,7.456,33.55,0
2025-12-15 11:28:37.180989,1,231.0,31.644,7.31,33.6,0
2025-12-15 11:28:38.274630,1,230.32,32.203,7.417,33.65,0
2025-12-15 11:28:39.352931,1,229.16,32.046,7.344,33.7,0
2025-12-15 11:28:40.421999,1,229.19,32.026,7.34,33.75,0
2025-12-15 11:28:41.498504,1,230.07,32.353,7.444,33.8,0
2025-12-15 11:28:42.569401,1,230.42,31.875,7.345,33.85,0
2025-12-15 11:28:43.643999,1,230.81,31.642,7.303,33.9,0
2025-12-15 11:28:44.720357,1,229.87,31.881,7.328,33.95,0
2025-12-15 11:28:45.797697,1,230.03,31.753,7.304,34.0,0
2025-12-15 11:28:46.855747,1,229.06,32.012,7.333,34.05,0
2025-12-15 11:28:47.938924,1,230.39,31.766,7.319,34.1,0
2025-12-15 11:28:49.007735,1,230.29,31.813,7.326,34.15,0
2025-12-15 11:28:50.074565,1,229.85,31.523,7.246,34.2,0
2025-12-15 11:28:51.143778,1,229.69,32.191,7.394,34.25,0
2025-12-15 11:28:52.223133,1,229.22,32.296,7.403,34.3,0
2025-12-15 11:28:53.290846,1,229.79,31.601,7.262,34.35,0
2025-12-15 11:28:54.355068,1,230.24,31.695,7.297,34.4,0
2025-12-15 11:28:55.420383,1,229.58,31.93,7.33,34.45,0
2025-12-15 11:28:56.514053,1,229.21,32.335,7.412,34.5,0
2025-12-15 11:28:57.596183,1,229.52,31.814,7.302,34.55,0
2025-12-15 11:28:58.684099,1,230.6,31.505,7.265,34.6,0
2025-12-15 11:28:59.768472,1,230.67,31.992,7.38,34.65,0
2025-12-15 11:29:00.839653,1,230.89,31.894,7.364,34.7,0
2025-12-15 11:29:01.913671,1,230.9,32.083,7.408,34.75,0
2025-12-15 11:29:02.986223,1,230.61,31.671,7.304,34.8,0
2025-12-15 11:29:04.062226,1,229.62,32.015,7.351,34.85,0
2025-12-15 11:29:05.133452,1,230.06,31.509,7.249,34.9,0
2025-12-15 11:29:06.209831,1,230.92,31.741,7.33,34.95,0
2025-12-15 11:29:07.297862,1,229.52,31.993,7.343,35.0,0
2025-12-15 11:05:39.407924,1,229.7,46.686,10.724,50.09,0
2025-12-15 11:05:40.476642,1,228.02,46.86,10.685,50.18,0
2025-12-15 11:05:41.537614,1,228.84,47.328,10.831,50.27,0
2025-12-15 11:05:42.603963,1,229.48,48.923,11.227,50.36,0
2025-12-15 11:05:43.686832,1,230.82,48.739,11.25,50.46,0
2025-12-15 11:05:44.761174,1,230.09,47.706,10.977,50.55,0
2025-12-15 11:05:45.831100,1,231.7,49.568,11.485,50.64,0
2025-12-15 11:05:46.891357,1,231.61,48.088,11.137,50.74,0
2025-12-15 11:05:47.961389,1,228.77,47.764,10.927,50.83,0
2025-12-15 11:05:49.038104,1,228.66,46.898,10.724,50.92,0
2025-12-15 11:05:50.109395,1,229.25,46.698,10.705,51.01,0
2025-12-15 11:05:51.177197,1,230.54,48.43,11.165,51.1,0
2025-12-15 11:05:52.256989,1,228.86,46.607,10.666,51.19,0
2025-12-15 11:05:53.328600,1,228.14,49.31,11.25,51.28,0
2025-12-15 11:05:54.400137,1,229.34,46.497,10.664,51.37,0
2025-12-15 11:05:55.471534,1,229.87,49.795,11.447,51.47,0
2025-12-15 11:05:56.552559,1,228.67,47.644,10.895,51.56,0
2025-12-15 11:05:57.642779,1,228.42,46.08,10.526,51.64,0
2025-12-15 11:05:58.713291,1,231.13,46.562,10.762,51.73,0
2025-12-15 11:05:59.795329,1,229.94,45.675,10.502,51.82,0
2025-12-15 11:06:00.873245,1,230.08,45.701,10.515,51.91,0
2025-12-15 11:06:01.957719,1,230.57,46.291,10.673,52.0,0
2025-12-15 11:06:03.033137,1,229.74,49.759,11.432,52.09,0
2025-12-15 11:06:04.102345,1,230.43,46.525,10.72,52.18,0
2025-12-15 11:06:05.186192,1,231.5,47.531,11.003,52.27,0
2025-12-15 11:06:06.255813,1,230.59,49.729,11.467,52.37,0
2025-12-15 11:06:07.318187,1,231.53,48.727,11.282,52.46,0
2025-12-15 11:06:08.392555,1,231.13,46.593,10.769,52.55,0
2025-12-15 11:06:09.479352,1,230.8,46.908,10.827,52.64,0
2025-12-15 11:06:10.559687,1,228.07,48.532,11.069,52.74,0
2025-12-15 11:06:11.631340,1,230.28,48.939,11.27,52.83,0
2025-12-15 11:06:12.714809,1,230.01,47.969,11.033,52.92,0
2025-12-15 11:06:13.796512,1,230.45,49.806,11.478,53.02,0
2025-12-15 11:06:14.859645,1,229.49,47.934,11.0,53.11,0
2025-12-15 11:06:15.928773,1,230.15,48.594,11.184,53.2,0
2025-12-15 11:06:17.004373,1,231.78,46.856,10.86,53.29,0
2025-12-15 11:06:18.086128,1,230.59,45.541,10.501,53.38,0
2025-12-15 11:06:19.148855,1,230.72,49.67,11.46,53.48,0
2025-12-15 11:06:20.216844,1,228.82,46.522,10.645,53.56,0
2025-12-15 11:06:21.280118,1,228.82,48.629,11.127,53.66,0
2025-12-15 11:06:22.357542,1,231.43,49.16,11.377,53.75,0
2025-12-15 11:06:23.424383,1,228.37,46.575,10.636,53.84,0
2025-12-15 11:06:24.504837,1,230.15,46.494,10.701,53.93,0
2025-12-15 11:06:25.569688,1,230.48,48.762,11.239,54.02,0
2025-12-15 11:06:26.635022,1,230.69,48.92,11.285,54.12,0
2025-12-15 11:06:27.702378,1,228.01,47.613,10.856,54.21,0
2025-12-15 11:06:28.771432,1,228.94,48.071,11.005,54.3,0
2025-12-15 11:06:29.837365,1,230.61,47.67,10.993,54.39,0
2025-12-15 11:06:30.914970,1,228.24,46.467,10.606,54.48,0
2025-12-15 11:06:31.999112,1,231.62,47.594,11.023,54.57,0
2025-12-15 11:06:33.078041,1,231.29,48.049,11.113,54.66,0
2025-12-15 11:06:34.157321,1,230.2,47.972,11.043,54.76,0
2025-12-15 11:06:35.223959,1,231.9,46.532,10.791,54.85,0
2025-12-15 11:06:36.296032,1,231.5,46.121,10.677,54.94,0
2025-12-15 11:06:37.372380,1,230.06,48.747,11.215,55.03,0
2025-12-15 11:06:38.439922,1,230.78,48.921,11.29,55.12,0
2025-12-15 11:06:39.528059,1,228.87,50.158,11.48,55.22,0
2025-12-15 11:06:40.610039,1,231.61,45.759,10.598,55.31,0
2025-12-15 11:06:41.682758,1,230.25,49.242,11.338,55.4,0
2025-12-15 11:06:42.751187,1,230.21,48.456,11.155,55.49,0
2025-12-15 11:06:43.820087,1,229.04,46.811,10.721,55.58,0
2025-12-15 11:06:44.883714,1,229.45,48.758,11.188,55.68,0
2025-12-15 11:06:45.953089,1,228.03,47.288,10.783,55.77,0
2025-12-15 11:06:47.022941,1,230.41,45.606,10.508,55.85,0
2025-12-15 11:06:48.102470,1,230.52,46.15,10.639,55.94,0
2025-12-15 11:06:49.174833,1,230.12,47.074,10.832,56.03,0
2025-12-15 11:06:50.259786,1,229.1,49.749,11.397,56.13,0
2025-12-15 11:06:51.328027,1,230.98,46.256,10.684,56.22,0
2025-12-15 11:06:52.399693,1,229.8,48.668,11.184,56.31,0
2025-12-15 11:06:53.471361,1,229.74,49.097,11.279,56.4,0
2025-12-15 11:06:54.551261,1,229.19,47.788,10.953,56.5,0
2025-12-15 11:06:55.618851,1,228.33,47.926,10.943,56.59,0
2025-12-15 11:06:56.699949,1,231.01,46.552,10.754,56.68,0
2025-12-15 11:06:57.771613,1,229.19,46.696,10.702,56.77,0
2025-12-15 11:06:58.848663,1,228.54,49.382,11.286,56.86,0
2025-12-15 11:06:59.913826,1,229.41,47.071,10.798,56.95,0
2025-12-15 11:07:00.979055,1,228.91,48.137,11.019,57.04,0
2025-12-15 11:07:02.052423,1,228.61,46.957,10.735,57.13,0
2025-12-15 11:07:03.132476,1,231.84,45.846,10.629,57.22,0
2025-12-15 11:07:04.198164,1,229.08,46.682,10.694,57.31,0
2025-12-15 11:07:05.274815,1,231.91,48.582,11.266,57.4,0
2025-12-15 11:07:06.348853,1,229.03,45.972,10.529,57.49,0
2025-12-15 11:07:07.417071,1,230.76,48.514,11.195,57.58,0
2025-12-15 11:07:08.496694,1,230.48,46.543,10.727,57.67,0
2025-12-15 11:07:09.565572,1,230.11,48.446,11.148,57.77,0
2025-12-15 11:07:10.648245,1,228.42,48.896,11.169,57.86,0
2025-12-15 11:07:11.711191,1,230.93,45.561,10.521,57.95,0
2025-12-15 11:07:12.773017,1,231.68,49.258,11.412,58.04,0
2025-12-15 11:07:13.856669,1,230.06,47.473,10.922,58.13,0
2025-12-15 11:07:14.924196,1,230.02,47.014,10.814,58.22,0
2025-12-15 11:07:15.990053,1,230.66,47.198,10.887,58.31,0
2025-12-15 11:07:17.065676,1,229.57,47.63,10.934,58.4,0
2025-12-15 11:07:18.141145,1,228.36,49.06,11.203,58.5,0
2025-12-15 11:07:19.207595,1,229.95,46.824,10.767,58.59,0
2025-12-15 11:07:20.287349,1,229.64,46.168,10.602,58.68,0
2025-12-15 11:07:21.376264,1,229.58,49.296,11.317,58.77,0
2025-12-15 11:07:22.466857,1,228.38,47.615,10.875,58.86,0
2025-12-15 11:07:23.537107,1,231.19,45.701,10.565,58.95,0
2025-12-15 11:07:24.606925,1,228.49,49.111,11.221,59.04,0
2025-12-15 11:07:25.679765,1,228.96,48.758,11.163,59.14,0
2025-12-15 11:07:26.751432,1,229.31,49.76,11.41,59.23,0
2025-12-15 11:07:27.824590,1,228.44,46.913,10.717,59.32,0
2025-12-15 11:07:28.875307,1,228.46,46.243,10.565,59.41,0
2025-12-15 11:07:29.958008,1,229.51,46.621,10.7,59.5,0
2025-12-15 11:07:31.041071,1,231.45,46.071,10.663,59.59,0
2025-12-15 11:07:32.114064,1,229.43,46.964,10.775,59.68,0
2025-12-15 11:07:33.179001,1,228.9,48.928,11.2,59.77,0
2025-12-15 11:07:34.258709,1,230.29,47.526,10.945,59.86,0
2025-12-15 11:07:35.330002,1,229.9,49.096,11.287,59.95,0
2025-12-15 11:07:36.394770,1,228.22,49.274,11.245,60.05,0
2025-12-15 11:07:37.480947,1,228.52,48.985,11.194,60.14,0
2025-12-15 11:07:38.568388,1,231.75,45.635,10.576,60.23,0
2025-12-15 11:07:39.647055,1,228.26,46.442,10.601,60.32,0
2025-12-15 11:07:40.717401,1,231.96,45.996,10.669,60.41,0
2025-12-15 11:07:41.792517,1,230.87,47.015,10.854,60.5,0
2025-12-15 11:07:42.874963,1,228.41,48.234,11.017,60.59,0
2025-12-15 11:07:43.963257,1,229.85,47.096,10.825,60.68,0
2025-12-15 11:07:45.042599,1,228.89,46.591,10.664,60.77,0
2025-12-15 11:07:46.121701,1,230.52,45.992,10.602,60.86,0
2025-12-15 11:07:47.195881,1,229.72,46.92,10.778,60.95,0
2025-12-15 11:07:48.272094,1,228.62,47.203,10.792,61.04,0
2025-12-15 11:07:49.354414,1,231.79,46.044,10.673,61.13,0
2025-12-15 11:07:50.417291,1,230.54,48.17,11.105,61.22,0
2025-12-15 11:07:51.500293,1,229.49,46.944,10.773,61.31,0
2025-12-15 11:07:52.569725,1,231.93,49.572,11.497,61.4,0
2025-12-15 11:07:53.649407,1,231.11,47.484,10.974,61.49,0
2025-12-15 11:07:54.710237,1,230.17,46.274,10.651,61.58,0
2025-12-15 11:07:55.775438,1,229.75,48.006,11.029,61.68,0
2025-12-15 11:07:56.845438,1,230.23,49.081,11.3,61.77,0
2025-12-15 11:07:57.915822,1,229.18,49.635,11.376,61.86,0
2025-12-15 11:07:58.992622,1,228.87,49.916,11.424,61.96,0
2025-12-15 11:08:00.061726,1,231.33,48.252,11.162,62.05,0
2025-12-15 11:08:01.139698,1,228.95,50.042,11.457,62.15,0
2025-12-15 11:08:02.225114,1,228.36,50.296,11.486,62.24,0
2025-12-15 11:08:03.298932,1,230.73,46.651,10.764,62.33,0
2025-12-15 11:08:04.371670,1,228.72,46.228,10.573,62.42,0
2025-12-15 11:08:05.455403,1,230.99,47.965,11.079,62.51,0
2025-12-15 11:08:06.548111,1,231.14,47.495,10.978,62.61,0
2025-12-15 11:08:07.622681,1,229.07,47.323,10.84,62.7,0
2025-12-15 11:08:08.688236,1,229.4,49.518,11.359,62.79,0
2025-12-15 11:08:09.762401,1,228.88,49.245,11.271,62.88,0
2025-12-15 11:08:10.832380,1,229.05,48.75,11.166,62.98,0
2025-12-15 11:08:11.901012,1,230.71,45.857,10.58,63.07,0
2025-12-15 11:08:12.971050,1,228.65,46.802,10.701,63.15,0
2025-12-15 11:08:14.031492,1,230.17,46.629,10.732,63.24,0
2025-12-15 11:08:15.091346,1,229.83,49.963,11.483,63.34,0
2025-12-15 11:08:16.161365,1,228.97,46.174,10.572,63.43,0
2025-12-15 11:08:17.225965,1,230.7,47.972,11.067,63.52,0
2025-12-15 11:08:18.293219,1,230.11,49.119,11.303,63.61,0
2025-12-15 11:08:19.361212,1,230.28,48.149,11.088,63.71,0
2025-12-15 11:08:20.431888,1,228.86,49.405,11.307,63.8,0
2025-12-15 11:08:21.504571,1,228.81,48.107,11.007,63.89,0
2025-12-15 11:08:22.579430,1,231.36,49.196,11.382,63.99,0
2025-12-15 11:08:23.663327,1,230.88,47.457,10.957,64.08,0
2025-12-15 11:08:24.751483,1,229.05,48.636,11.14,64.17,0
2025-12-15 11:08:25.822165,1,231.88,46.352,10.748,64.26,0
2025-12-15 11:08:26.894898,1,230.25,49.386,11.371,64.36,0
2025-12-15 11:08:27.971241,1,231.43,46.536,10.77,64.45,0
2025-12-15 11:08:29.047906,1,230.9,48.52,11.203,64.54,0
2025-12-15 11:08:30.120357,1,229.95,46.397,10.669,64.63,0
2025-12-15 11:08:31.193483,1,230.71,46.497,10.727,64.72,0
2025-12-15 11:08:32.259372,1,230.66,47.786,11.022,64.81,0
2025-12-15 11:08:33.323102,1,231.41,48.227,11.16,64.9,0
2025-12-15 11:08:34.409233,1,232.0,48.872,11.338,65.0,0
2025-12-15 11:08:35.475780,1,228.28,49.385,11.274,65.09,0
2025-12-15 11:08:36.553909,1,229.85,48.992,11.261,65.18,0
2025-12-15 11:08:37.635426,1,231.0,46.556,10.754,65.27,0
2025-12-15 11:08:38.705201,1,228.29,50.25,11.472,65.37,0
2025-12-15 11:08:39.771765,1,231.79,46.348,10.743,65.46,0
2025-12-15 11:08:40.850150,1,230.73,47.167,10.883,65.55,0
2025-12-15 11:08:41.931536,1,228.92,47.578,10.892,65.64,0
2025-12-15 11:08:43.022049,1,231.89,48.997,11.362,65.74,0
2025-12-15 11:08:44.095306,1,228.21,46.88,10.699,65.82,0
2025-12-15 11:08:45.175514,1,231.03,48.764,11.266,65.92,0
2025-12-15 11:08:46.242441,1,230.01,45.703,10.512,66.01,0
2025-12-15 11:08:47.316115,1,230.85,49.418,11.408,66.1,0
2025-12-15 11:08:48.385157,1,229.45,47.722,10.95,66.19,0
2025-12-15 11:08:49.462402,1,228.65,46.304,10.588,66.28,0
2025-12-15 11:08:50.540373,1,229.79,49.852,11.455,66.38,0
2025-12-15 11:08:51.613276,1,230.15,47.418,10.913,66.47,0
2025-12-15 11:08:52.687170,1,229.99,47.364,10.893,66.56,0
2025-12-15 11:08:53.771653,1,230.05,48.103,11.066,66.65,0
2025-12-15 11:08:54.836669,1,228.22,47.166,10.764,66.74,0
2025-12-15 11:08:55.908031,1,228.52,47.982,10.965,66.83,0
2025-12-15 11:08:56.988889,1,228.3,48.501,11.073,66.92,0
2025-12-15 11:08:58.068757,1,229.04,50.105,11.476,67.02,0
2025-12-15 11:08:59.155298,1,231.77,46.948,10.881,67.11,0
2025-12-15 11:09:00.231207,1,228.5,49.59,11.331,67.2,0
2025-12-15 11:09:01.310167,1,230.06,48.106,11.067,67.3,0
2025-12-15 11:09:02.376791,1,228.36,46.643,10.652,67.39,0
2025-12-15 11:09:03.446150,1,228.37,48.614,11.102,67.48,0
2025-12-15 11:09:04.526986,1,228.02,49.493,11.285,67.57,0
2025-12-15 11:09:05.591805,1,229.62,48.649,11.171,67.66,0
2025-12-15 11:09:06.671276,1,231.95,45.418,10.535,67.75,0
2025-12-15 11:09:07.748561,1,231.14,49.579,11.46,67.85,0
2025-12-15 11:09:08.807214,1,231.32,47.041,10.882,67.94,0
2025-12-15 11:09:09.871373,1,231.84,47.282,10.962,68.03,0
2025-12-15 11:09:10.948873,1,228.98,47.104,10.786,68.12,0
2025-12-15 11:09:12.024283,1,231.13,48.854,11.292,68.21,0
2025-12-15 11:09:13.092941,1,230.15,49.805,11.463,68.31,0
2025-12-15 11:09:14.170835,1,231.61,48.255,11.177,68.4,0
2025-12-15 11:09:15.239386,1,231.28,47.0,10.87,68.49,0
2025-12-15 11:09:16.309481,1,229.25,46.693,10.704,68.58,0
2025-12-15 11:09:17.376770,1,231.6,47.593,11.023,68.67,0
2025-12-15 11:09:18.434192,1,230.0,48.736,11.209,68.77,0
2025-12-15 11:09:19.510917,1,229.97,49.906,11.477,68.86,0
2025-12-15 11:09:20.571658,1,230.58,47.12,10.865,68.95,0
2025-12-15 11:09:21.653715,1,231.81,46.991,10.893,69.04,0
2025-12-15 11:09:22.722031,1,230.43,45.654,10.52,69.13,0
2025-12-15 11:09:23.802552,1,228.9,47.656,10.908,69.22,0
2025-12-15 11:09:24.884934,1,228.59,46.069,10.531,69.31,0
2025-12-15 11:09:25.962155,1,229.41,49.897,11.447,69.41,0
2025-12-15 11:09:27.031174,1,229.49,47.39,10.876,69.5,0
2025-12-15 11:09:28.101485,1,230.12,48.935,11.261,69.59,0
2025-12-15 11:09:29.161619,1,231.46,48.427,11.209,69.68,0
2025-12-15 11:09:30.225545,1,230.86,46.841,10.814,69.77,0
2025-12-15 11:09:31.292761,1,230.96,48.712,11.25,69.87,0
2025-12-15 11:09:32.361906,1,228.27,46.647,10.648,69.96,0
2025-12-15 11:09:33.438944,1,228.28,47.794,10.91,70.05,0
2025-12-15 11:09:34.515782,1,231.55,45.944,10.638,70.14,0
2025-12-15 11:09:35.583869,1,231.65,49.119,11.378,70.23,0
2025-12-15 11:09:36.661584,1,230.48,45.997,10.601,70.32,0
2025-12-15 11:09:37.721580,1,228.23,46.301,10.567,70.41,0
2025-12-15 11:09:38.799959,1,229.81,48.805,11.216,70.5,0
2025-12-15 11:09:39.875341,1,229.27,47.933,10.99,70.59,0
2025-12-15 11:09:40.950630,1,228.75,45.947,10.511,70.68,0
2025-12-15 11:09:42.028722,1,228.2,48.602,11.091,70.77,0
2025-12-15 11:09:43.097622,1,229.4,48.434,11.111,70.87,0
2025-12-15 11:09:44.176100,1,231.7,46.289,10.725,70.95,0
2025-12-15 11:09:45.247172,1,229.85,48.154,11.068,71.05,0
2025-12-15 11:09:46.335447,1,229.02,47.924,10.976,71.14,0
2025-12-15 11:09:47.417644,1,228.75,47.837,10.943,71.23,0
2025-12-15 11:09:48.505880,1,231.36,46.931,10.858,71.32,0
2025-12-15 11:09:49.596746,1,229.96,46.029,10.585,71.41,0
2025-12-15 11:09:50.675209,1,231.67,45.521,10.546,71.5,0
2025-12-15 11:09:51.745944,1,228.26,49.559,11.312,71.59,0
2025-12-15 11:09:52.812209,1,230.22,48.979,11.276,71.68,0
2025-12-15 11:09:53.897658,1,229.81,48.501,11.146,71.78,0
2025-12-15 11:09:54.972338,1,230.59,47.078,10.856,71.87,0
2025-12-15 11:09:56.058211,1,231.87,45.566,10.565,71.96,0
2025-12-15 11:09:57.122540,1,229.04,49.654,11.373,72.05,0
2025-12-15 11:09:58.201923,1,229.8,49.219,11.31,72.14,0
2025-12-15 11:09:59.283997,1,230.11,49.35,11.356,72.24,0
2025-12-15 11:10:00.364440,1,230.06,49.176,11.313,72.33,0
2025-12-15 11:10:01.438851,1,230.24,46.976,10.816,72.42,0
2025-12-15 11:10:02.508844,1,229.72,46.831,10.758,72.51,0
2025-12-15 11:10:03.578659,1,230.63,48.058,11.084,72.61,0
2025-12-15 11:10:04.659283,1,230.18,45.905,10.566,72.69,0
2025-12-15 11:10:05.727013,1,231.69,48.934,11.337,72.79,0
2025-12-15 11:10:06.801735,1,231.44,49.349,11.421,72.88,0
2025-12-15 11:10:07.871329,1,231.48,47.683,11.038,72.98,0
2025-12-15 11:10:08.929734,1,231.48,46.988,10.877,73.07,0
2025-12-15 11:10:10.007034,1,228.77,49.433,11.309,73.16,0
2025-12-15 11:10:11.080119,1,229.81,46.751,10.744,73.25,0
2025-12-15 11:10:12.156536,1,231.42,48.254,11.167,73.34,0
2025-12-15 11:10:13.228062,1,231.05,45.829,10.589,73.43,0
2025-12-15 11:10:14.300327,1,231.44,47.452,10.982,73.52,0
2025-12-15 11:10:15.375706,1,228.75,45.953,10.512,73.61,0
2025-12-15 11:10:16.461446,1,230.7,48.486,11.186,73.7,0
2025-12-15 11:10:17.541349,1,231.56,45.736,10.591,73.79,0
2025-12-15 11:10:18.598044,1,229.95,49.433,11.367,73.89,0
2025-12-15 11:10:19.682363,1,229.98,49.553,11.396,73.98,0
2025-12-15 11:10:20.747450,1,229.44,48.295,11.081,74.07,0
2025-12-15 11:10:21.822757,1,228.64,48.354,11.056,74.17,0
2025-12-15 11:10:22.899493,1,228.78,46.383,10.612,74.25,0
2025-12-15 11:10:23.963249,1,231.95,47.15,10.937,74.35,0
2025-12-15 11:10:25.045107,1,231.32,47.444,10.975,74.44,0
2025-12-15 11:10:26.124444,1,229.86,49.309,11.334,74.53,0
2025-12-15 11:10:27.194017,1,228.77,48.884,11.183,74.62,0
2025-12-15 11:10:28.279019,1,229.47,49.533,11.366,74.72,0
2025-12-15 11:10:29.359544,1,231.15,47.755,11.038,74.81,0
2025-12-15 11:10:30.465661,1,229.69,48.619,11.167,74.9,0
2025-12-15 11:10:31.552057,1,229.19,48.487,11.113,75.0,0
2025-12-15 11:10:32.621500,1,231.69,49.551,11.48,75.09,0
2025-12-15 11:10:33.682225,1,230.37,46.987,10.824,75.18,0
2025-12-15 11:10:34.763716,1,229.91,49.282,11.331,75.28,0
2025-12-15 11:10:35.838568,1,229.99,48.968,11.262,75.37,0
2025-12-15 11:10:36.914239,1,229.91,49.812,11.452,75.47,0
2025-12-15 11:10:38.002323,1,229.74,49.868,11.457,75.56,0
2025-12-15 11:10:39.084206,1,228.97,47.296,10.829,75.65,0
2025-12-15 11:10:40.172989,1,230.89,46.927,10.835,75.74,0
2025-12-15 11:10:41.244061,1,229.46,47.837,10.977,75.83,0
2025-12-15 11:10:42.313761,1,229.24,47.425,10.872,75.92,0
2025-12-15 11:10:43.381682,1,229.55,47.862,10.987,76.02,0
2025-12-15 11:10:44.453708,1,229.44,46.36,10.637,76.1,0
2025-12-15 11:10:45.543471,1,229.44,47.705,10.945,76.2,0
2025-12-15 11:10:46.620128,1,231.72,47.873,11.093,76.29,0
2025-12-15 11:10:47.689766,1,228.38,47.588,10.868,76.38,0
2025-12-15 11:10:48.771304,1,230.2,46.958,10.81,76.47,0
2025-12-15 11:10:49.861842,1,230.64,47.317,10.913,76.56,0
2025-12-15 11:10:50.931796,1,228.96,50.185,11.49,76.66,0
2025-12-15 11:10:52.001051,1,231.83,48.619,11.271,76.75,0
2025-12-15 11:10:53.069927,1,228.66,50.075,11.45,76.85,0
2025-12-15 11:10:54.141326,1,228.85,47.153,10.791,76.94,0
2025-12-15 11:10:55.225493,1,229.55,49.854,11.444,77.03,0
2025-12-15 11:10:56.297449,1,231.5,48.063,11.127,77.12,0
2025-12-15 11:10:57.379688,1,229.99,47.002,10.81,77.21,0
2025-12-15 11:10:58.463397,1,230.44,49.754,11.465,77.31,0
2025-12-15 11:10:59.549052,1,229.57,48.402,11.112,77.4,0
2025-12-15 11:11:00.625084,1,229.49,48.606,11.155,77.49,0
2025-12-15 10:56:54.774487,1,230.0,31.9,7.337,20.06,1
2025-12-15 10:56:56.586727,1,229.66,32.469,7.457,20.12,1
2025-12-15 10:56:57.862939,1,226.95,32.243,7.318,20.18,1
2025-12-15 10:56:59.178303,1,231.23,32.251,7.458,20.25,1
2025-12-15 10:57:00.648366,1,226.48,32.118,7.274,20.31,1
2025-12-15 10:57:02.137042,1,230.18,32.403,7.459,20.37,1
2025-12-15 10:57:03.548917,1,229.69,32.111,7.376,20.43,1
2025-12-15 10:57:04.983466,1,232.78,32.112,7.475,20.49,1
2025-12-15 10:57:06.565497,1,230.85,31.566,7.287,20.55,1
2025-12-15 10:57:07.939928,1,227.06,32.239,7.32,20.61,1
2025-12-15 10:57:09.355249,1,234.92,31.667,7.439,20.68,1
2025-12-15 10:57:10.662962,1,225.97,32.09,7.251,20.74,1
2025-12-15 10:57:12.402945,1,231.23,31.774,7.347,20.8,1
2025-12-15 10:57:14.179447,1,233.57,32.327,7.551,20.86,1
2025-12-15 10:57:15.672588,1,234.48,32.364,7.589,20.92,1
2025-12-15 10:57:17.311521,1,233.83,32.087,7.503,20.99,1
2025-12-15 10:57:18.674783,1,231.14,31.685,7.324,21.05,1
2025-12-15 10:57:20.240736,1,230.58,32.091,7.4,21.11,1
2025-12-15 10:57:21.810651,1,230.35,31.786,7.322,21.17,1
2025-12-15 10:57:23.210582,1,229.76,32.481,7.463,21.23,1
2025-12-15 10:57:24.864660,1,230.69,32.287,7.448,21.29,1
2025-12-15 10:57:26.377786,1,229.3,32.084,7.357,21.36,1
2025-12-15 10:57:27.835925,1,232.63,32.181,7.486,21.42,1
2025-12-15 10:57:29.621384,1,231.4,32.39,7.495,21.48,1
2025-12-15 10:57:31.331212,1,227.78,32.073,7.306,21.54,1
2025-12-15 10:57:32.720521,1,229.82,32.423,7.451,21.6,1
2025-12-15 10:57:34.069003,1,230.64,32.004,7.381,21.67,1
2025-12-15 10:57:35.371220,1,230.5,32.442,7.478,21.73,1
2025-12-15 10:57:37.076101,1,226.46,31.961,7.238,21.79,1
2025-12-15 10:57:38.571916,1,229.82,32.334,7.431,21.85,1
2025-12-15 10:57:40.360953,1,233.56,32.149,7.509,21.91,1
2025-12-15 10:57:42.059840,1,233.93,31.721,7.42,21.97,1
2025-12-15 10:57:43.345831,1,234.95,32.465,7.628,22.04,1
2025-12-15 10:57:44.855803,1,228.31,32.225,7.357,22.1,1
2025-12-15 10:57:46.265071,1,234.23,31.69,7.423,22.16,1
2025-12-15 10:57:47.899624,1,225.38,32.288,7.277,22.22,1
2025-12-15 10:57:49.389659,1,229.75,31.796,7.305,22.28,1
2025-12-15 10:57:51.116948,1,230.54,32.424,7.475,22.35,1
2025-12-15 10:57:52.832967,1,231.93,31.852,7.387,22.41,1
2025-12-15 10:57:54.348607,1,227.92,31.67,7.218,22.47,1
2025-12-15 10:57:55.659145,1,229.22,32.029,7.342,22.53,1
2025-12-15 10:57:56.935259,1,232.13,32.175,7.469,22.59,1
2025-12-15 10:57:58.276437,1,229.13,31.846,7.297,22.65,1
2025-12-15 10:57:59.667545,1,229.7,32.344,7.43,22.71,1
2025-12-15 10:58:01.026271,1,234.49,32.077,7.522,22.78,1
2025-12-15 10:58:02.561702,1,229.24,31.971,7.329,22.84,1
2025-12-15 10:58:04.194732,1,232.5,32.177,7.481,22.9,1
2025-12-15 10:58:05.743673,1,230.05,32.438,7.462,22.96,1
2025-12-15 10:58:07.064732,1,234.05,32.072,7.507,23.02,1
2025-12-15 10:58:08.601053,1,232.73,31.512,7.334,23.08,1
2025-12-15 10:58:09.950417,1,232.35,32.315,7.508,23.15,1
2025-12-15 10:58:11.680438,1,234.97,32.44,7.622,23.21,1
2025-12-15 10:58:13.372752,1,234.97,31.842,7.482,23.27,1
2025-12-15 10:58:14.615142,1,226.29,32.284,7.306,23.33,1
2025-12-15 10:58:16.360852,1,233.23,31.77,7.41,23.4,1
2025-12-15 10:58:17.926026,1,231.39,32.216,7.454,23.46,1
2025-12-15 10:58:19.670326,1,226.17,32.051,7.249,23.52,1
2025-12-15 10:58:21.174034,1,228.06,31.695,7.228,23.58,1
2025-12-15 10:58:22.864857,1,226.94,32.063,7.276,23.64,1
2025-12-15 10:58:24.296242,1,231.68,31.865,7.382,23.7,1
2025-12-15 10:58:26.040652,1,226.14,32.292,7.302,23.76,1
2025-12-15 10:58:27.595212,1,227.86,32.191,7.335,23.82,1
2025-12-15 10:58:29.306494,1,227.67,31.911,7.265,23.88,1
2025-12-15 10:58:30.774858,1,231.22,31.667,7.322,23.94,1
2025-12-15 10:58:32.013928,1,225.04,32.248,7.257,24.0,1
2025-12-15 10:58:33.609548,1,231.39,31.718,7.339,24.07,1
2025-12-15 10:58:35.168625,1,232.29,31.788,7.384,24.13,1
2025-12-15 10:58:36.753369,1,231.87,32.11,7.445,24.19,1
2025-12-15 10:58:38.179838,1,225.04,31.912,7.182,24.25,1
2025-12-15 10:58:39.422247,1,230.28,31.54,7.263,24.31,1
2025-12-15 10:58:40.711738,1,231.55,31.732,7.347,24.37,1
2025-12-15 10:58:42.491304,1,225.91,32.199,7.274,24.43,1
2025-12-15 10:58:44.082725,1,227.79,31.764,7.236,24.49,1
2025-12-15 10:58:45.509066,1,226.72,32.12,7.282,24.55,1
2025-12-15 10:58:46.832449,1,233.98,31.758,7.431,24.61,1
2025-12-15 10:58:48.335665,1,229.3,31.85,7.303,24.68,1
2025-12-15 10:58:49.949512,1,232.8,32.283,7.515,24.74,1
2025-12-15 10:58:51.354987,1,232.58,32.336,7.521,24.8,1
2025-12-15 10:58:52.895139,1,232.42,31.846,7.402,24.86,1
2025-12-15 10:58:54.405479,1,226.42,31.843,7.21,24.92,1
2025-12-15 10:58:55.812769,1,231.03,31.859,7.361,24.98,1
2025-12-15 10:58:57.238191,1,226.77,31.559,7.157,25.04,1
2025-12-15 10:58:58.783657,1,229.8,31.773,7.302,25.1,1
2025-12-15 10:59:00.554306,1,231.79,32.481,7.529,25.17,1
2025-12-15 10:59:02.205372,1,225.11,31.54,7.1,25.23,1
2025-12-15 10:59:03.977639,1,230.0,32.06,7.374,25.29,1
2025-12-15 10:59:05.283097,1,226.17,31.582,7.143,25.35,1
2025-12-15 10:59:06.745431,1,230.58,31.985,7.375,25.41,1
2025-12-15 10:59:08.267765,1,231.19,31.936,7.383,25.47,1
2025-12-15 10:59:09.744604,1,229.7,32.372,7.436,25.53,1
2025-12-15 10:59:11.465098,1,227.88,32.422,7.388,25.59,1
2025-12-15 10:59:13.006452,1,233.16,31.663,7.383,25.66,1
2025-12-15 10:59:14.221855,1,229.83,31.828,7.315,25.72,1
2025-12-15 10:59:15.741275,1,228.52,31.748,7.255,25.78,1
2025-12-15 10:59:17.039583,1,234.81,32.031,7.521,25.84,1
2025-12-15 10:59:18.530874,1,233.13,31.702,7.391,25.9,1
2025-12-15 10:59:19.761560,1,232.9,31.661,7.374,25.96,1
2025-12-15 10:59:21.245210,1,234.51,32.283,7.571,26.03,1
2025-12-15 10:59:22.637728,1,234.29,31.618,7.408,26.09,1
2025-12-15 10:59:24.371959,1,230.6,31.844,7.343,26.15,1
2025-12-15 10:59:25.718858,1,226.0,31.923,7.214,26.21,1
2025-12-15 10:59:27.192553,1,228.27,31.94,7.291,26.27,1
2025-12-15 10:59:28.625559,1,225.35,31.997,7.211,26.33,1
2025-12-15 10:59:30.256585,1,229.69,32.217,7.4,26.39,1
2025-12-15 10:59:31.489518,1,225.07,31.579,7.107,26.45,1
2025-12-15 10:59:33.267905,1,232.78,31.964,7.441,26.51,1
2025-12-15 10:59:34.746613,1,233.14,31.989,7.458,26.57,1
2025-12-15 10:59:36.545476,1,234.1,31.884,7.464,26.64,1
2025-12-15 10:59:37.947838,1,232.54,31.893,7.416,26.7,1
2025-12-15 10:59:39.331596,1,227.01,32.242,7.319,26.76,1
2025-12-15 10:59:40.980500,1,231.01,31.802,7.347,26.82,1
2025-12-15 10:59:42.371078,1,230.19,31.978,7.361,26.88,1
2025-12-15 10:59:43.628093,1,226.45,32.255,7.304,26.94,1
2025-12-15 10:59:45.285503,1,225.24,32.137,7.239,27.0,1
2025-12-15 10:59:47.075873,1,233.06,31.75,7.399,27.07,1
2025-12-15 10:59:48.825616,1,228.8,31.638,7.239,27.13,1
2025-12-15 10:59:50.390772,1,228.03,31.579,7.201,27.19,1
2025-12-15 10:59:52.126013,1,234.86,32.238,7.571,27.25,1
2025-12-15 10:59:53.773345,1,229.93,31.879,7.33,27.31,1
2025-12-15 10:59:55.504275,1,225.61,31.902,7.197,27.37,1
2025-12-15 10:59:56.744968,1,234.55,31.944,7.493,27.43,1
2025-12-15 10:59:58.300335,1,228.61,32.289,7.382,27.49,1
2025-12-15 10:59:59.676476,1,228.04,31.567,7.199,27.55,1
2025-12-15 11:00:01.044552,1,229.76,32.191,7.396,27.62,1
2025-12-15 11:00:02.272625,1,234.4,32.485,7.615,27.68,1
2025-12-15 11:00:03.669372,1,233.13,32.098,7.483,27.74,1
2025-12-15 11:00:05.113006,1,225.02,32.451,7.302,27.8,1
2025-12-15 11:00:06.740913,1,232.37,32.499,7.552,27.86,1
2025-12-15 11:00:08.155062,1,226.3,31.847,7.207,27.92,1
2025-12-15 11:00:09.452227,1,228.53,31.735,7.252,27.99,1
2025-12-15 11:00:11.252442,1,225.21,32.205,7.253,28.05,1
2025-12-15 11:00:12.995556,1,229.66,31.928,7.332,28.11,1
2025-12-15 11:00:14.413188,1,229.49,31.584,7.248,28.17,1
2025-12-15 11:00:15.854126,1,227.47,32.198,7.324,28.23,1
2025-12-15 11:00:17.417443,1,229.47,32.245,7.399,28.29,1
2025-12-15 11:00:18.842930,1,226.85,31.951,7.248,28.35,1
2025-12-15 11:00:20.656494,1,226.83,32.409,7.351,28.41,1
2025-12-15 11:00:22.165359,1,234.82,31.78,7.463,28.47,1
2025-12-15 11:00:23.903258,1,232.56,31.748,7.383,28.54,1
2025-12-15 11:00:25.556452,1,231.99,31.716,7.358,28.6,1
2025-12-15 11:00:26.875588,1,232.7,31.861,7.414,28.66,1
2025-12-15 11:00:28.438897,1,230.76,31.865,7.353,28.72,1
2025-12-15 11:00:29.994908,1,225.25,31.92,7.19,28.78,1
2025-12-15 11:00:31.632733,1,225.3,31.95,7.198,28.84,1
2025-12-15 11:00:33.153089,1,234.8,32.057,7.527,28.9,1
2025-12-15 11:00:34.395920,1,231.93,32.326,7.497,28.96,1
2025-12-15 11:00:36.067839,1,226.14,31.517,7.127,29.02,1
2025-12-15 11:00:37.546911,1,228.33,32.331,7.382,29.09,1
2025-12-15 11:00:39.146126,1,227.49,31.543,7.176,29.15,1
2025-12-15 11:00:40.843216,1,232.25,32.259,7.492,29.21,1
2025-12-15 11:00:42.534406,1,231.48,32.448,7.511,29.27,1
2025-12-15 11:00:44.036493,1,234.59,32.064,7.522,29.33,1
2025-12-15 11:00:45.353763,1,233.25,31.82,7.422,29.39,1
2025-12-15 11:00:46.607728,1,227.72,32.318,7.359,29.46,1
2025-12-15 11:00:48.006099,1,234.02,31.666,7.411,29.52,1
2025-12-15 11:00:49.787551,1,228.08,31.976,7.293,29.58,1
2025-12-15 11:00:51.264971,1,226.28,32.353,7.321,29.64,1
2025-12-15 11:00:53.061509,1,234.82,31.963,7.506,29.7,1
2025-12-15 11:00:54.840492,1,233.68,31.618,7.389,29.76,1
2025-12-15 11:00:56.513178,1,234.68,31.905,7.487,29.83,1
2025-12-15 11:00:58.312854,1,234.74,31.76,7.455,29.89,1
2025-12-15 11:00:59.665701,1,231.43,32.29,7.473,29.95,1
2025-12-15 11:01:01.395912,1,228.58,31.975,7.309,30.01,1
2025-12-15 11:01:02.668478,1,225.28,32.201,7.254,30.07,1
2025-12-15 11:01:04.447921,1,234.01,31.603,7.395,30.13,1
2025-12-15 11:01:05.667558,1,233.58,32.233,7.529,30.2,1
2025-12-15 11:01:07.069525,1,232.14,32.27,7.491,30.26,1
2025-12-15 11:01:08.523156,1,232.24,32.043,7.442,30.32,1
2025-12-15 11:01:10.031476,1,227.76,32.421,7.384,30.38,1
2025-12-15 11:01:11.774738,1,230.36,32.241,7.427,30.44,1
2025-12-15 11:01:13.508935,1,229.85,32.436,7.455,30.51,1
2025-12-15 11:01:15.227687,1,225.73,31.733,7.163,30.57,1
2025-12-15 11:01:16.546063,1,231.42,32.186,7.449,30.63,1
2025-12-15 11:01:18.159553,1,231.74,32.224,7.468,30.69,1
2025-12-15 11:01:19.567273,1,231.38,32.236,7.459,30.75,1
2025-12-15 11:01:21.128888,1,230.05,32.488,7.474,30.81,1
2025-12-15 11:01:22.782588,1,231.45,32.251,7.465,30.88,1
2025-12-15 11:01:24.055234,1,227.03,31.903,7.243,30.94,1
2025-12-15 11:01:25.561146,1,234.82,31.776,7.462,31.0,1
2025-12-15 11:01:26.897861,1,228.0,32.065,7.311,31.06,1
2025-12-15 11:01:28.302933,1,234.86,32.13,7.546,31.12,1
2025-12-15 11:01:29.964456,1,232.05,31.927,7.409,31.19,1
2025-12-15 11:01:31.325556,1,234.83,32.242,7.571,31.25,1
2025-12-15 11:01:32.801339,1,225.68,31.703,7.155,31.31,1
2025-12-15 11:01:34.512329,1,232.53,31.881,7.413,31.37,1
2025-12-15 11:01:36.129918,1,229.08,31.943,7.317,31.43,1
2025-12-15 11:01:37.596487,1,232.28,32.396,7.525,31.49,1
2025-12-15 11:01:39.138155,1,230.52,31.783,7.327,31.55,1
2025-12-15 11:01:40.914817,1,230.53,32.088,7.397,31.62,1
2025-12-15 11:01:42.386012,1,226.94,32.186,7.304,31.68,1
2025-12-15 11:01:43.988745,1,233.18,31.935,7.447,31.74,1
2025-12-15 11:01:45.806009,1,230.45,32.012,7.377,31.8,1
2025-12-15 11:01:47.234471,1,227.01,31.83,7.226,31.86,1
2025-12-15 11:01:48.511708,1,234.98,31.762,7.463,31.92,1
2025-12-15 11:01:50.155502,1,231.73,31.659,7.336,31.98,1
2025-12-15 11:01:51.702438,1,225.31,31.858,7.178,32.04,1
2025-12-15 11:01:53.086598,1,225.7,31.863,7.192,32.1,1
2025-12-15 11:01:54.533069,1,225.96,32.22,7.281,32.16,1
2025-12-15 11:01:55.920406,1,228.57,31.678,7.241,32.22,1
2025-12-15 11:01:57.218827,1,233.74,31.931,7.464,32.29,1
2025-12-15 11:01:58.600209,1,230.51,32.374,7.462,32.35,1
2025-12-15 11:02:00.097945,1,232.15,31.53,7.32,32.41,1
2025-12-15 11:02:01.741482,1,233.86,31.704,7.414,32.47,1
2025-12-15 11:02:03.257039,1,229.87,31.512,7.244,32.53,1
2025-12-15 11:02:05.058700,1,234.99,31.83,7.48,32.59,1
2025-12-15 11:02:06.597022,1,233.41,32.305,7.541,32.66,1
2025-12-15 11:02:08.029118,1,227.2,31.601,7.18,32.72,1
2025-12-15 11:02:09.776455,1,230.93,32.278,7.454,32.78,1
2025-12-15 11:02:11.010950,1,226.44,31.762,7.192,32.84,1
2025-12-15 11:02:12.454324,1,227.78,31.948,7.277,32.9,1
2025-12-15 11:02:13.684101,1,225.35,31.774,7.16,32.96,1
2025-12-15 11:02:15.283518,1,232.55,31.896,7.417,33.02,1
2025-12-15 11:02:16.606392,1,228.32,32.377,7.392,33.08,1
2025-12-15 11:02:18.177705,1,234.92,32.121,7.546,33.15,1
2025-12-15 11:02:19.573447,1,229.36,32.083,7.359,33.21,1
2025-12-15 11:02:21.261054,1,232.99,32.082,7.475,33.27,1
2025-12-15 11:02:22.676643,1,230.18,31.788,7.317,33.33,1
2025-12-15 11:02:24.343570,1,225.68,32.097,7.244,33.39,1
2025-12-15 11:02:25.894558,1,229.31,31.759,7.283,33.45,1
2025-12-15 11:02:27.620061,1,233.29,32.304,7.536,33.51,1
2025-12-15 11:02:29.156539,1,231.48,31.62,7.319,33.58,1
2025-12-15 11:02:30.804831,1,225.88,32.207,7.275,33.64,1
2025-12-15 11:02:32.555316,1,230.89,31.801,7.343,33.7,1
2025-12-15 11:02:33.884380,1,226.42,32.083,7.264,33.76,1
2025-12-15 11:02:35.677166,1,234.14,32.093,7.514,33.82,1
2025-12-15 11:02:37.363209,1,231.59,32.442,7.513,33.88,1
2025-12-15 11:02:38.951110,1,232.09,31.994,7.425,33.94,1
2025-12-15 11:02:40.426272,1,233.86,32.029,7.49,34.01,1
2025-12-15 11:02:41.899618,1,233.41,32.482,7.582,34.07,1
2025-12-15 11:02:43.186677,1,229.5,31.826,7.304,34.13,1
2025-12-15 11:02:44.537221,1,230.05,31.738,7.301,34.19,1
2025-12-15 11:02:45.839972,1,232.77,31.847,7.413,34.25,1
2025-12-15 11:02:47.209728,1,230.14,32.453,7.469,34.32,1
2025-12-15 11:02:48.595959,1,229.5,32.174,7.384,34.38,1
2025-12-15 11:02:49.842576,1,229.08,31.737,7.27,34.44,1
2025-12-15 11:02:51.358466,1,231.72,32.38,7.503,34.5,1
2025-12-15 11:02:52.663133,1,229.43,31.699,7.273,34.56,1
2025-12-15 11:02:54.263868,1,232.76,32.172,7.488,34.62,1
2025-12-15 11:02:56.026736,1,231.84,31.524,7.309,34.68,1
2025-12-15 11:02:57.561417,1,231.34,31.913,7.383,34.75,1
2025-12-15 11:02:59.054247,1,228.96,32.465,7.433,34.81,1
2025-12-15 11:03:00.734257,1,227.02,31.71,7.199,34.87,1
2025-12-15 11:03:02.522218,1,232.92,31.662,7.375,34.93,1
2025-12-15 11:03:03.975534,1,232.15,32.11,7.454,34.99,1
2025-12-15 11:03:05.762341,1,233.31,31.954,7.455,35.05,1
2025-12-15 11:03:07.106520,1,231.98,32.449,7.527,35.12,1
2025-12-15 11:03:08.906514,1,231.33,32.312,7.475,35.18,1
2025-12-15 11:03:10.165315,1,225.82,31.542,7.123,35.24,1
2025-12-15 11:03:11.421181,1,227.05,31.902,7.243,35.3,1
2025-12-15 11:03:12.966653,1,233.48,32.099,7.494,35.36,1
2025-12-15 11:03:14.465884,1,227.28,31.98,7.269,35.42,1
2025-12-15 11:03:15.763047,1,234.12,32.287,7.559,35.48,1
2025-12-15 11:03:17.141491,1,230.96,32.196,7.436,35.55,1
2025-12-15 11:03:18.780804,1,227.99,32.082,7.314,35.61,1
2025-12-15 11:03:20.082968,1,227.36,31.679,7.203,35.67,1
2025-12-15 11:03:21.506105,1,229.73,32.418,7.447,35.73,1
2025-12-15 11:03:22.933251,1,231.23,31.695,7.329,35.79,1
2025-12-15 11:03:24.543638,1,227.37,31.675,7.202,35.85,1
2025-12-15 11:03:26.193896,1,233.56,32.377,7.562,35.91,1
2025-12-15 11:03:27.604905,1,227.57,32.489,7.394,35.98,1
2025-12-15 11:03:29.040429,1,225.29,31.614,7.122,36.03,1
2025-12-15 11:03:30.707436,1,230.29,31.598,7.277,36.1,1
2025-12-15 11:03:31.971796,1,231.86,31.551,7.316,36.16,1
2025-12-15 11:03:33.299658,1,231.79,31.973,7.411,36.22,1
2025-12-15 11:03:34.728800,1,233.29,31.729,7.402,36.28,1
2025-12-15 11:03:35.952085,1,225.8,31.999,7.226,36.34,1
2025-12-15 11:03:37.611003,1,233.92,32.44,7.588,36.4,1
2025-12-15 11:03:39.249361,1,225.97,31.962,7.222,36.46,1
2025-12-15 11:03:40.601719,1,229.94,31.928,7.341,36.52,1
2025-12-15 11:03:42.033053,1,229.39,31.839,7.304,36.59,1
2025-12-15 11:03:43.734732,1,230.61,32.307,7.45,36.65,1
2025-12-15 11:03:45.035797,1,232.46,32.017,7.443,36.71,1
2025-12-15 11:03:46.377211,1,228.34,32.094,7.329,36.77,1
2025-12-15 11:03:47.870636,1,227.32,32.098,7.297,36.83,1
2025-12-15 11:03:49.091787,1,228.29,32.476,7.414,36.89,1
2025-12-15 11:03:50.640310,1,225.77,31.93,7.209,36.95,1
2025-12-15 11:03:52.210643,1,226.46,32.247,7.302,37.01,1
2025-12-15 11:03:53.680353,1,228.1,32.33,7.375,37.08,1
2025-12-15 11:03:55.442446,1,227.27,31.685,7.201,37.14,1
2025-12-15 11:03:57.001331,1,230.43,31.887,7.348,37.2,1
2025-12-15 11:03:58.342400,1,233.36,31.551,7.363,37.26,1
2025-12-15 11:03:59.962778,1,225.93,32.102,7.253,37.32,1
2025-12-15 11:04:01.690668,1,228.57,32.31,7.385,37.38,1
2025-12-15 11:04:03.233430,1,225.53,32.168,7.255,37.44,1
2025-12-15 11:04:04.840085,1,234.06,31.568,7.389,37.5,1
2025-12-15 11:04:06.084685,1,225.74,31.664,7.148,37.56,1
2025-12-15 11:04:07.671564,1,228.25,32.078,7.322,37.62,1
2025-12-15 11:04:08.989587,1,225.97,32.02,7.236,37.68,1
2025-12-15 11:04:10.744661,1,229.13,31.592,7.239,37.74,1
2025-12-15 11:04:12.080907,1,225.4,31.885,7.187,37.8,1
2025-12-15 11:04:13.536708,1,230.54,31.797,7.33,37.86,1
2025-12-15 11:04:14.895136,1,227.6,32.136,7.314,37.93,1
2025-12-15 11:04:16.219315,1,225.58,32.003,7.219,37.99,1
2025-12-15 11:04:17.510769,1,234.39,31.573,7.4,38.05,1
2025-12-15 11:04:19.254174,1,231.2,32.324,7.473,38.11,1
2025-12-15 11:04:20.670151,1,234.56,32.391,7.598,38.17,1
2025-12-15 11:04:21.941204,1,226.82,32.414,7.352,38.23,1
2025-12-15 11:04:23.303379,1,229.1,32.289,7.397,38.3,1
2025-12-15 11:04:24.945394,1,232.64,31.797,7.397,38.36,1
2025-12-15 11:04:26.756800,1,226.63,31.506,7.14,38.42,1
2025-12-15 10:51:05.386569,1,229.95,31.866,7.328,20.06,0
2025-12-15 10:51:06.453244,1,230.46,32.371,7.46,20.12,0
2025-12-15 10:51:07.528529,1,230.94,32.36,7.473,20.19,0
2025-12-15 10:51:08.607953,1,229.71,31.761,7.296,20.25,0
2025-12-15 10:51:09.666443,1,230.65,31.87,7.351,20.31,0
2025-12-15 10:51:10.742748,1,229.77,31.714,7.287,20.37,0
2025-12-15 10:51:11.810948,1,230.52,32.476,7.486,20.43,0
2025-12-15 10:51:12.883214,1,230.33,31.975,7.365,20.49,0
2025-12-15 10:51:13.957255,1,230.55,31.922,7.36,20.55,0
2025-12-15 10:51:15.036630,1,229.52,32.435,7.444,20.62,0
2025-12-15 10:51:16.105591,1,229.1,31.885,7.305,20.68,0
2025-12-15 10:51:17.185748,1,229.29,32.056,7.35,20.74,0
2025-12-15 10:51:18.257197,1,229.54,31.533,7.238,20.8,0
2025-12-15 10:51:19.316560,1,229.4,31.71,7.274,20.86,0
2025-12-15 10:51:20.399641,1,229.21,32.255,7.393,20.92,0
2025-12-15 10:51:21.479487,1,229.7,31.784,7.301,20.98,0
2025-12-15 10:51:22.541691,1,229.3,32.499,7.452,21.04,0
2025-12-15 10:51:23.616755,1,229.44,32.144,7.375,21.1,0
2025-12-15 10:51:24.671524,1,230.43,31.522,7.263,21.17,0
2025-12-15 10:51:25.749553,1,230.31,31.892,7.345,21.23,0
2025-12-15 10:51:26.826936,1,230.56,32.011,7.38,21.29,0
2025-12-15 10:51:27.903923,1,229.76,32.357,7.434,21.35,0
2025-12-15 10:51:28.989566,1,230.54,32.315,7.45,21.41,0
2025-12-15 10:51:30.057633,1,229.52,32.103,7.368,21.47,0
2025-12-15 10:51:31.134457,1,230.71,31.997,7.382,21.53,0
2025-12-15 10:51:32.204154,1,230.5,31.595,7.283,21.6,0
2025-12-15 10:51:33.281232,1,229.44,31.574,7.244,21.66,0
2025-12-15 10:51:34.346629,1,229.24,32.416,7.431,21.72,0
2025-12-15 10:51:35.421190,1,229.55,31.888,7.32,21.78,0
2025-12-15 10:51:36.478800,1,230.12,31.997,7.363,21.84,0
2025-12-15 10:51:37.540060,1,230.13,31.548,7.26,21.9,0
2025-12-15 10:51:38.619930,1,229.63,32.234,7.402,21.96,0
2025-12-15 10:51:39.682277,1,229.95,31.857,7.326,22.02,0
2025-12-15 10:51:40.755381,1,229.89,31.688,7.285,22.08,0
2025-12-15 10:51:41.823493,1,230.58,32.401,7.471,22.15,0
2025-12-15 10:51:42.884963,1,229.24,31.524,7.227,22.21,0
2025-12-15 10:51:43.951914,1,230.51,31.6,7.284,22.27,0
2025-12-15 10:51:45.020614,1,230.25,31.548,7.264,22.33,0
2025-12-15 10:51:46.090121,1,229.25,32.06,7.35,22.39,0
2025-12-15 10:51:47.152875,1,229.19,32.102,7.358,22.45,0
2025-12-15 10:51:48.213884,1,230.92,31.878,7.361,22.51,0
2025-12-15 10:51:49.275149,1,229.06,32.039,7.339,22.57,0
2025-12-15 10:51:50.333694,1,230.94,32.455,7.495,22.64,0
2025-12-15 10:51:51.393064,1,230.18,32.303,7.435,22.7,0
2025-12-15 10:51:52.450132,1,230.32,31.646,7.289,22.76,0
2025-12-15 10:51:53.516105,1,230.32,31.605,7.279,22.82,0
2025-12-15 10:51:54.568415,1,229.94,31.534,7.251,22.88,0
2025-12-15 10:51:55.648560,1,229.42,31.674,7.267,22.94,0
2025-12-15 10:51:56.760745,1,229.84,32.463,7.461,23.0,0
2025-12-15 10:51:57.850727,1,229.31,32.304,7.407,23.06,0
2025-12-15 10:51:58.927739,1,229.82,32.438,7.455,23.13,0
2025-12-15 10:51:59.999371,1,230.4,32.248,7.43,23.19,0
2025-12-15 10:52:01.059136,1,229.7,32.456,7.455,23.25,0
2025-12-15 10:52:02.143031,1,229.43,31.554,7.239,23.31,0
2025-12-15 10:52:03.220673,1,230.09,32.487,7.475,23.37,0
2025-12-15 10:52:04.279226,1,229.08,32.214,7.38,23.43,0
2025-12-15 10:52:05.353172,1,230.01,31.653,7.28,23.49,0
2025-12-15 10:52:06.434926,1,229.17,31.569,7.234,23.55,0
2025-12-15 10:52:07.497661,1,229.11,31.935,7.317,23.62,0
2025-12-15 10:52:08.558922,1,230.62,32.194,7.425,23.68,0
2025-12-15 10:52:09.638249,1,230.6,31.852,7.345,23.74,0
2025-12-15 10:52:10.701014,1,229.12,31.694,7.262,23.8,0
2025-12-15 10:52:11.776262,1,229.79,32.317,7.426,23.86,0
2025-12-15 10:52:12.845552,1,230.38,32.226,7.424,23.92,0
2025-12-15 10:52:13.907930,1,229.23,31.557,7.234,23.98,0
2025-12-15 10:52:14.984188,1,230.08,32.013,7.366,24.04,0
2025-12-15 10:52:16.072592,1,229.56,32.154,7.381,24.11,0
2025-12-15 10:52:17.135597,1,230.57,32.401,7.471,24.17,0
2025-12-15 10:52:18.208008,1,230.8,31.596,7.292,24.23,0
2025-12-15 10:52:19.267357,1,230.5,31.69,7.304,24.29,0
2025-12-15 10:52:20.327420,1,230.74,32.156,7.42,24.35,0
2025-12-15 10:52:21.384329,1,229.7,31.856,7.317,24.41,0
2025-12-15 10:52:22.441177,1,229.66,32.295,7.417,24.47,0
2025-12-15 10:52:23.502101,1,229.03,31.505,7.216,24.53,0
2025-12-15 10:52:24.564989,1,230.46,32.457,7.48,24.6,0
2025-12-15 10:52:25.651713,1,230.73,32.311,7.455,24.66,0
2025-12-15 10:52:26.748684,1,229.33,31.91,7.318,24.72,0
2025-12-15 10:52:27.816305,1,229.32,31.6,7.246,24.78,0
2025-12-15 10:52:28.883879,1,229.39,32.463,7.447,24.84,0
2025-12-15 10:52:30.005771,1,230.36,31.641,7.289,24.9,0
2025-12-15 10:52:31.071926,1,229.65,31.506,7.235,24.96,0
2025-12-15 10:52:32.133621,1,230.69,31.851,7.348,25.02,0
2025-12-15 10:52:33.194923,1,229.14,32.442,7.434,25.09,0
2025-12-15 10:52:34.266384,1,230.35,32.397,7.463,25.15,0
2025-12-15 10:52:35.326624,1,229.2,32.328,7.41,25.21,0
2025-12-15 10:52:36.390467,1,229.67,31.719,7.285,25.27,0
2025-12-15 10:52:37.454966,1,229.28,32.352,7.418,25.33,0
2025-12-15 10:52:38.523838,1,230.81,32.26,7.446,25.4,0
2025-12-15 10:52:39.599344,1,229.09,32.431,7.43,25.46,0
2025-12-15 10:52:40.671711,1,229.84,32.022,7.36,25.52,0
2025-12-15 10:52:41.731599,1,229.16,32.36,7.415,25.58,0
2025-12-15 10:52:42.797639,1,229.02,31.985,7.325,25.64,0
2025-12-15 10:52:43.862735,1,230.11,31.544,7.259,25.7,0
2025-12-15 10:52:44.939885,1,230.38,31.767,7.318,25.76,0
2025-12-15 10:52:46.003486,1,229.45,31.606,7.252,25.82,0
2025-12-15 10:52:47.077409,1,229.57,32.313,7.418,25.89,0
2025-12-15 10:52:48.133854,1,230.36,32.024,7.377,25.95,0
2025-12-15 10:52:49.216720,1,229.28,31.823,7.296,26.01,0
2025-12-15 10:52:50.295066,1,229.3,32.164,7.375,26.07,0
2025-12-15 10:52:51.354897,1,229.21,31.99,7.332,26.13,0
2025-12-15 10:52:52.424063,1,230.1,32.272,7.426,26.19,0
2025-12-15 10:52:53.490805,1,230.3,32.363,7.453,26.25,0
2025-12-15 10:52:54.567010,1,229.38,31.758,7.285,26.31,0
2025-12-15 10:52:55.626669,1,229.63,32.484,7.459,26.38,0
2025-12-15 10:52:56.713914,1,229.79,31.914,7.334,26.44,0
2025-12-15 10:52:57.771425,1,230.11,32.224,7.415,26.5,0
2025-12-15 10:52:58.837268,1,230.3,32.186,7.413,26.56,0
2025-12-15 10:52:59.905287,1,229.97,31.982,7.355,26.62,0
2025-12-15 10:53:00.980958,1,229.93,32.09,7.379,26.68,0
2025-12-15 10:53:02.041642,1,229.67,31.957,7.34,26.75,0
2025-12-15 10:53:03.109668,1,230.05,31.854,7.328,26.81,0
2025-12-15 10:53:04.177767,1,229.16,31.717,7.268,26.87,0
2025-12-15 10:53:05.232860,1,229.2,32.18,7.376,26.93,0
2025-12-15 10:53:06.300956,1,230.22,32.27,7.429,26.99,0
2025-12-15 10:53:07.389308,1,230.62,32.318,7.453,27.05,0
2025-12-15 10:53:08.466707,1,229.21,31.662,7.257,27.11,0
2025-12-15 10:53:09.563464,1,230.66,32.096,7.403,27.17,0
2025-12-15 10:53:10.630671,1,229.21,32.177,7.375,27.24,0
2025-12-15 10:53:11.708179,1,230.89,32.316,7.461,27.3,0
2025-12-15 10:53:12.765676,1,230.41,31.781,7.323,27.36,0
2025-12-15 10:53:13.840889,1,229.61,32.164,7.385,27.42,0
2025-12-15 10:53:14.909622,1,229.71,32.368,7.435,27.48,0
2025-12-15 10:53:15.966904,1,229.65,31.954,7.338,27.54,0
2025-12-15 10:53:17.030583,1,230.28,32.22,7.419,27.61,0
2025-12-15 10:53:18.090940,1,230.61,32.307,7.451,27.67,0
2025-12-15 10:53:19.156886,1,230.13,31.744,7.305,27.73,0
2025-12-15 10:53:20.214172,1,230.76,31.517,7.273,27.79,0
2025-12-15 10:53:21.292954,1,230.96,31.63,7.305,27.85,0
2025-12-15 10:53:22.366367,1,230.82,31.929,7.37,27.91,0
2025-12-15 10:53:23.430563,1,230.44,32.173,7.414,27.97,0
2025-12-15 10:53:24.494858,1,229.81,32.056,7.367,28.04,0
2025-12-15 10:53:25.559434,1,230.53,31.667,7.3,28.1,0
2025-12-15 10:53:26.627621,1,230.7,32.246,7.439,28.16,0
2025-12-15 10:53:27.711654,1,230.49,32.266,7.437,28.22,0
2025-12-15 10:53:28.790573,1,229.32,32.425,7.436,28.28,0
2025-12-15 10:53:29.853849,1,229.23,31.888,7.31,28.34,0
2025-12-15 10:53:30.928513,1,229.56,32.418,7.442,28.4,0
2025-12-15 10:53:32.011085,1,229.88,32.303,7.426,28.47,0
2025-12-15 10:53:33.095688,1,230.68,32.337,7.46,28.53,0
2025-12-15 10:53:34.165585,1,229.14,32.481,7.443,28.59,0
2025-12-15 10:53:35.236104,1,230.93,31.735,7.328,28.65,0
2025-12-15 10:53:36.314312,1,230.39,31.959,7.363,28.71,0
2025-12-15 10:53:37.393009,1,229.28,32.347,7.417,28.78,0
2025-12-15 10:53:38.463070,1,230.13,32.159,7.401,28.84,0
2025-12-15 10:53:39.525037,1,229.44,31.945,7.33,28.9,0
2025-12-15 10:53:40.610730,1,229.44,31.519,7.232,28.96,0
2025-12-15 10:53:41.674377,1,230.96,32.149,7.425,29.02,0
2025-12-15 10:53:42.735539,1,230.34,32.229,7.424,29.08,0
2025-12-15 10:53:43.797392,1,230.92,31.58,7.293,29.14,0
2025-12-15 10:53:44.876665,1,229.98,31.54,7.254,29.2,0
2025-12-15 10:53:45.962106,1,229.47,31.742,7.284,29.26,0
2025-12-15 10:53:47.039137,1,230.22,32.101,7.39,29.33,0
2025-12-15 10:53:48.109936,1,229.42,32.397,7.432,29.39,0
2025-12-15 10:53:49.191533,1,230.8,31.875,7.357,29.45,0
2025-12-15 10:53:50.276906,1,230.8,32.084,7.405,29.51,0
2025-12-15 10:53:51.343343,1,230.41,31.701,7.304,29.57,0
2025-12-15 10:53:52.412192,1,230.76,32.12,7.412,29.63,0
2025-12-15 10:53:53.478870,1,229.23,32.112,7.361,29.69,0
2025-12-15 10:53:54.553026,1,230.84,32.01,7.389,29.76,0
2025-12-15 10:53:55.629368,1,229.43,31.825,7.302,29.82,0
2025-12-15 10:53:56.700205,1,230.8,31.71,7.319,29.88,0
2025-12-15 10:53:57.767701,1,230.85,32.061,7.401,29.94,0
2025-12-15 10:53:58.837931,1,230.67,32.196,7.427,30.0,0
2025-12-15 10:53:59.911902,1,230.33,32.357,7.453,30.06,0
2025-12-15 10:54:00.982032,1,229.12,32.069,7.348,30.12,0
2025-12-15 10:54:02.055082,1,230.03,31.982,7.357,30.19,0
2025-12-15 10:54:03.141557,1,229.02,31.507,7.216,30.25,0
2025-12-15 10:54:04.210899,1,230.48,31.956,7.365,30.31,0
2025-12-15 10:54:05.284958,1,230.27,31.782,7.319,30.37,0
2025-12-15 10:54:06.365049,1,229.59,31.866,7.316,30.43,0
2025-12-15 10:54:07.441754,1,229.72,32.307,7.421,30.49,0
2025-12-15 10:54:08.529210,1,230.11,32.171,7.403,30.55,0
2025-12-15 10:54:09.606391,1,229.3,32.187,7.381,30.61,0
2025-12-15 10:54:10.679812,1,229.68,32.208,7.398,30.68,0
2025-12-15 10:54:11.751094,1,229.48,31.994,7.342,30.74,0
2025-12-15 10:54:12.823259,1,230.17,32.204,7.413,30.8,0
2025-12-15 10:54:13.895434,1,229.8,32.49,7.466,30.86,0
2025-12-15 10:54:14.978852,1,229.67,31.772,7.297,30.92,0
2025-12-15 10:54:16.051701,1,230.17,31.742,7.306,30.98,0
2025-12-15 10:54:17.125849,1,230.28,32.347,7.449,31.04,0
2025-12-15 10:54:18.196958,1,229.69,31.591,7.256,31.11,0
2025-12-15 10:54:19.273087,1,229.1,32.094,7.353,31.17,0
2025-12-15 10:54:20.353174,1,229.15,31.947,7.321,31.23,0
2025-12-15 10:54:21.415737,1,230.3,32.444,7.472,31.29,0
2025-12-15 10:54:22.480769,1,229.68,32.089,7.37,31.35,0
2025-12-15 10:54:23.551866,1,229.46,32.205,7.39,31.41,0
2025-12-15 10:54:24.622076,1,229.47,32.457,7.448,31.48,0
2025-12-15 10:54:25.698170,1,229.74,31.944,7.339,31.54,0
2025-12-15 10:54:26.772682,1,229.43,32.165,7.38,31.6,0
2025-12-15 10:54:27.845980,1,229.68,32.283,7.415,31.66,0
2025-12-15 10:54:28.923258,1,230.32,31.664,7.293,31.72,0
2025-12-15 10:54:30.007173,1,229.77,32.16,7.389,31.78,0
2025-12-15 10:54:31.068998,1,230.25,31.816,7.325,31.84,0
2025-12-15 10:54:32.132461,1,230.1,32.195,7.408,31.9,0
2025-12-15 10:54:33.210824,1,230.14,31.546,7.26,31.97,0
2025-12-15 10:54:34.288037,1,229.19,31.963,7.326,32.03,0
2025-12-15 10:54:35.363337,1,230.5,32.305,7.446,32.09,0
2025-12-15 10:54:36.447207,1,230.15,31.924,7.347,32.15,0
2025-12-15 10:54:37.520906,1,229.27,31.691,7.266,32.21,0
2025-12-15 10:54:38.596009,1,230.08,31.797,7.316,32.27,0
2025-12-15 10:54:39.672980,1,229.51,32.156,7.38,32.33,0
2025-12-15 10:54:40.749036,1,230.42,31.717,7.308,32.39,0
2025-12-15 10:54:41.822868,1,229.95,32.151,7.393,32.45,0
2025-12-15 10:54:42.889043,1,230.49,32.129,7.405,32.52,0
2025-12-15 10:54:43.968105,1,229.85,31.6,7.263,32.58,0
2025-12-15 10:54:45.111698,1,229.4,31.532,7.233,32.64,0
2025-12-15 10:54:46.236664,1,230.37,31.834,7.333,32.7,0
2025-12-15 10:54:47.312525,1,229.85,32.322,7.429,32.76,0
2025-12-15 10:54:48.383035,1,229.31,32.054,7.35,32.82,0
2025-12-15 10:54:49.440658,1,230.14,32.142,7.397,32.88,0
2025-12-15 10:54:50.522389,1,229.42,31.507,7.228,32.94,0
2025-12-15 10:54:51.602614,1,230.35,31.785,7.322,33.0,0
2025-12-15 10:54:52.668212,1,230.25,32.442,7.47,33.07,0
2025-12-15 10:54:53.743788,1,230.91,31.822,7.348,33.13,0
2025-12-15 10:54:54.813897,1,230.79,32.376,7.472,33.19,0
2025-12-15 10:54:55.884571,1,229.7,31.568,7.251,33.25,0
2025-12-15 10:54:56.949034,1,230.94,31.586,7.294,33.31,0
2025-12-15 10:54:58.022051,1,229.03,31.546,7.225,33.37,0
2025-12-15 10:54:59.105604,1,229.34,32.28,7.403,33.43,0
2025-12-15 10:55:00.168057,1,229.9,32.291,7.424,33.5,0
2025-12-15 10:55:01.245508,1,230.96,32.075,7.408,33.56,0
2025-12-15 10:55:02.315312,1,230.08,31.976,7.357,33.62,0
2025-12-15 10:55:03.390544,1,230.47,32.203,7.422,33.68,0
2025-12-15 10:55:04.467588,1,230.07,31.737,7.302,33.74,0
2025-12-15 10:55:05.524336,1,230.32,32.316,7.443,33.8,0
2025-12-15 10:55:06.588952,1,229.67,31.612,7.26,33.86,0
2025-12-15 10:55:07.678232,1,229.25,31.81,7.292,33.92,0
2025-12-15 10:55:08.763576,1,230.59,32.267,7.44,33.99,0
2025-12-15 10:55:09.843840,1,230.52,31.802,7.331,34.05,0
2025-12-15 10:55:10.911589,1,230.18,32.456,7.471,34.11,0
2025-12-15 10:55:11.982254,1,230.05,32.122,7.39,34.17,0
2025-12-15 10:55:13.048243,1,229.42,32.33,7.417,34.23,0
2025-12-15 10:55:14.120174,1,230.22,31.808,7.323,34.29,0
2025-12-15 10:55:15.195996,1,229.11,31.664,7.255,34.35,0
2025-12-15 10:55:16.275910,1,229.67,32.392,7.44,34.42,0
2025-12-15 10:55:17.359243,1,230.47,32.084,7.394,34.48,0
2025-12-15 10:55:18.437694,1,230.44,31.981,7.37,34.54,0
2025-12-15 10:55:19.510979,1,230.4,32.276,7.437,34.6,0
2025-12-15 10:55:20.574754,1,230.18,32.105,7.39,34.66,0
2025-12-15 10:55:21.672013,1,230.77,32.387,7.474,34.73,0
2025-12-15 10:55:22.749217,1,230.35,32.153,7.406,34.79,0
2025-12-15 10:55:23.823622,1,229.92,31.529,7.249,34.85,0
2025-12-15 10:55:24.901219,1,229.43,31.8,7.296,34.91,0
2025-12-15 10:55:25.958969,1,230.05,31.736,7.301,34.97,0
2025-12-15 10:55:27.036501,1,230.9,32.158,7.425,35.03,0
2025-12-15 10:55:28.103257,1,229.62,31.942,7.335,35.09,0
2025-12-15 10:55:29.178551,1,229.58,31.834,7.309,35.15,0
2025-12-15 10:55:30.242824,1,229.45,32.184,7.385,35.21,0
2025-12-15 10:55:31.322720,1,230.45,31.838,7.337,35.28,0
2025-12-15 10:55:32.389197,1,230.54,32.204,7.424,35.34,0
2025-12-15 10:55:33.467934,1,230.74,31.528,7.275,35.4,0
2025-12-15 10:55:34.523649,1,230.56,31.745,7.319,35.46,0
2025-12-15 10:55:35.593753,1,229.91,31.966,7.349,35.52,0
2025-12-15 10:55:36.667953,1,230.57,32.155,7.414,35.58,0
2025-12-15 10:55:37.755318,1,230.85,32.288,7.454,35.64,0
2025-12-15 10:55:38.841860,1,230.59,31.765,7.325,35.71,0
2025-12-15 10:55:39.924943,1,230.36,32.316,7.444,35.77,0
2025-12-15 10:55:40.997751,1,230.18,32.343,7.445,35.83,0
2025-12-15 10:55:42.075041,1,230.24,32.078,7.386,35.89,0
2025-12-15 10:55:43.156082,1,229.18,31.873,7.305,35.95,0
2025-12-15 10:55:44.222920,1,229.46,32.033,7.35,36.01,0
2025-12-15 10:55:45.288629,1,229.94,32.345,7.437,36.08,0
2025-12-15 10:55:46.365348,1,229.26,32.268,7.398,36.14,0
2025-12-15 10:55:47.438389,1,229.71,32.492,7.464,36.2,0
2025-12-15 10:55:48.522890,1,229.97,31.905,7.337,36.26,0
2025-12-15 10:55:49.592364,1,229.57,31.789,7.298,36.32,0
2025-12-15 10:55:50.669427,1,229.97,31.707,7.292,36.38,0
2025-12-15 10:55:51.742302,1,230.58,31.967,7.371,36.44,0
2025-12-15 10:55:52.816391,1,230.6,32.376,7.466,36.51,0
2025-12-15 10:55:53.890882,1,229.77,32.118,7.38,36.57,0
2025-12-15 10:55:54.958115,1,230.26,32.123,7.397,36.63,0
2025-12-15 10:55:56.025383,1,230.9,32.115,7.415,36.69,0
2025-12-15 10:55:57.112424,1,229.73,31.934,7.336,36.75,0
2025-12-15 10:55:58.192168,1,230.83,31.617,7.298,36.81,0
2025-12-15 10:55:59.274167,1,229.5,31.52,7.234,36.87,0
2025-12-15 10:56:00.353523,1,229.95,32.499,7.473,36.93,0
2025-12-15 10:56:01.429299,1,229.44,31.894,7.318,37.0,0
2025-12-15 10:56:02.500542,1,230.24,32.147,7.401,37.06,0
2025-12-15 10:56:03.590841,1,229.61,32.103,7.371,37.12,0
2025-12-15 10:56:04.664844,1,230.87,32.168,7.427,37.18,0
2025-12-15 10:56:05.735928,1,230.3,31.845,7.334,37.24,0
2025-12-15 10:56:06.810911,1,229.94,31.672,7.283,37.3,0
2025-12-15 10:56:07.891591,1,230.08,31.893,7.338,37.36,0
2025-12-15 10:56:08.979234,1,230.22,31.95,7.356,37.43,0
2025-12-15 10:56:10.058757,1,229.27,31.788,7.288,37.49,0
2025-12-15 10:56:11.121025,1,230.65,31.778,7.329,37.55,0
2025-12-15 10:56:12.201847,1,229.58,32.167,7.385,37.61,0
2025-12-15 10:56:13.282402,1,230.02,32.341,7.439,37.67,0
2025-12-15 10:56:14.349040,1,229.6,31.958,7.338,37.73,0
2025-12-15 10:56:15.423099,1,230.45,31.642,7.292,37.79,0
2025-12-15 10:56:16.493729,1,230.48,31.664,7.298,37.85,0
2025-12-15 10:56:17.574756,1,230.72,31.534,7.276,37.91,0
2025-12-15 10:56:18.642626,1,230.04,32.143,7.394,37.98,0
2025-12-15 10:56:19.715826,1,229.81,32.192,7.398,38.04,0
2025-12-15 10:56:20.789930,1,230.01,31.857,7.327,38.1,0
2025-12-15 10:56:21.859031,1,229.9,32.279,7.421,38.16,0
2025-12-15 10:56:22.934499,1,229.58,32.368,7.431,38.22,0
2025-12-15 10:56:24.015083,1,230.82,32.317,7.459,38.28,0
2025-12-15 10:56:25.091219,1,230.84,31.611,7.297,38.34,0
2025-12-15 10:56:26.177395,1,229.97,32.384,7.447,38.41,0
